,ax Area Under Curve:,ax Average Slope:,ax Avg Peak:,ax Kurtosis:,ax Max Peak:,ax Max:,ax Median:,ax Min Peak:,ax Min:,ax Mode:,ax Skewness:,ax Standard Deviation:,ax Sum:,ax Time To Peak:,ay Area Under Curve:,ay Average Slope:,ay Avg Peak:,ay Kurtosis:,ay Max Peak:,ay Max:,ay Median:,ay Min Peak:,ay Min:,ay Mode:,ay Skewness:,ay Standard Deviation:,ay Sum:,ay Time To Peak:,az Area Under Curve:,az Average Slope:,az Avg Peak:,az Kurtosis:,az Max Peak:,az Max:,az Median:,az Min Peak:,az Min:,az Mode:,az Skewness:,az Standard Deviation:,az Sum:,az Time To Peak:,gx Area Under Curve:,gx Average Slope:,gx Avg Peak:,gx Kurtosis:,gx Max Peak:,gx Max:,gx Median:,gx Min Peak:,gx Min:,gx Mode:,gx Skewness:,gx Standard Deviation:,gx Sum:,gx Time To Peak:,gy Area Under Curve:,gy Average Slope:,gy Avg Peak:,gy Kurtosis:,gy Max Peak:,gy Max:,gy Median:,gy Min Peak:,gy Min:,gy Mode:,gy Skewness:,gy Standard Deviation:,gy Sum:,gy Time To Peak:,gz Area Under Curve:,gz Average Slope:,gz Avg Peak:,gz Kurtosis:,gz Max Peak:,gz Max:,gz Median:,gz Min Peak:,gz Min:,gz Mode:,gz Skewness:,gz Standard Deviation:,gz Sum:,gz Time To Peak:
0,-0.7130286167701553,8.777109759460929,-0.6446320606451612,15.067192599457787,0.32721955,0.32721955,-0.74006104,-0.86445236,-0.9321117,-0.7084781974257426,3.440536504808593,0.18017476691861195,-71.55629794000001,0.27473468266916506,3.569643118202303,11.817699609871564,3.6573127636363627,1.6885264977492298,3.9948926,3.9948926,3.5802548,3.4459841,3.061284,3.570241984158416,-0.35581474276163044,0.1368291414262084,360.5944404,0.26180179359949013,9.32471667601402,12.79065245249077,9.454650461538462,3.1838365100842356,10.016121,10.016121,9.327553,9.225316,8.739576,9.323155935643564,0.13012838586928144,0.17048756532355475,941.6387495,0.2598898347521282,0.0,0.0,0.0,-3.0,0.0,0.0,0.0,0.0,0.0,0.0,0.0,0.0,0.0,0.0,0.0,0.0,0.0,-3.0,0.0,0.0,0.0,0.0,0.0,0.0,0.0,0.0,0.0,0.0,0.0,0.0,0.0,-3.0,0.0,0.0,0.0,0.0,0.0,0.0,0.0,0.0,0.0,0.0
1,-0.6304445011179173,58.298570822701905,-0.5202306740416667,2.683309603178353,1.1728112,1.1728112,-0.7342232,-1.0984159,-1.7634828,-0.6621442765353536,1.0468593085055744,0.4379451207794033,-65.552283377,0.27226901480347115,3.766177047728433,65.77511812395575,3.9652648750000012,1.2184427349742428,4.8562016,4.8562016,3.763324,3.3175511,2.981051,3.8030475616161614,0.4103532696082268,0.3093577872786862,376.5017086,0.2753591482534821,9.154736021694742,97.62813601002965,9.483102325,3.327503800119395,10.381661,10.381661,9.219927,9.078771,7.5610766,9.20202637979798,-0.7493020557109292,0.4346659146490728,911.0006116,0.24762633996937214,0.0,0.0,0.0,-3.0,0.0,0.0,0.0,0.0,0.0,0.0,0.0,0.0,0.0,0.0,0.0,0.0,0.0,-3.0,0.0,0.0,0.0,0.0,0.0,0.0,0.0,0.0,0.0,0.0,0.0,0.0,0.0,-3.0,0.0,0.0,0.0,0.0,0.0,0.0,0.0,0.0,0.0,0.0
2,-0.6499217264979961,10.232677451236798,-0.5739295784615386,1.8020289901880515,0.0,-0.40805146,-0.61522067,-0.9171428,-1.3021421,-0.6500744005940594,-1.1250289303530485,0.15895710741658267,-65.65751446,0.27859565284414983,3.5227970801102204,14.01104637867672,3.59746904,2.8712600879776957,4.017346,4.017346,3.512446,3.453169,3.3052766,3.522291202970297,0.963865518557702,0.10931937357259458,355.7514115,0.2438877755511022,9.322401025676351,14.559402966149989,9.429419460000002,6.555810826631353,9.743089,9.743089,9.333391,9.222322,8.572972,9.323098232673267,-0.8510476421970967,0.14441162622445886,941.6329215,0.2698196392785571,0.0,0.0,0.0,-3.0,0.0,0.0,0.0,0.0,0.0,0.0,0.0,0.0,0.0,0.0,0.0,0.0,0.0,-3.0,0.0,0.0,0.0,0.0,0.0,0.0,0.0,0.0,0.0,0.0,0.0,0.0,0.0,-3.0,0.0,0.0,0.0,0.0,0.0,0.0,0.0,0.0,0.0,0.0
3,-0.5615393608895707,17.87690421648545,-0.49114531814814827,1.0997658921061833,0.0,-0.22947282,-0.5805677,-0.6471043,-0.7807764,-0.566631373877551,0.8712025611435404,0.10753715668061581,-55.52987464,0.26541316367492235,3.453710311324131,19.13652403139268,3.5171905030303035,1.6578845222943324,3.643124,3.643124,3.4578094,3.395988,3.1192136,3.4586770326530614,-0.6161264148314786,0.08919461662576428,338.9503492,0.2542294106711285,9.344792298568507,19.721449039134086,9.424270854166666,1.233436694723789,9.615405,9.615405,9.369466,9.160201,8.985065,9.352580285714286,-0.5529146743545263,0.10535898705366445,916.552868,0.24248040218132244,0.0,0.0,0.0,-3.0,0.0,0.0,0.0,0.0,0.0,0.0,0.0,0.0,0.0,0.0,0.0,0.0,0.0,-3.0,0.0,0.0,0.0,0.0,0.0,0.0,0.0,0.0,0.0,0.0,0.0,0.0,0.0,-3.0,0.0,0.0,0.0,0.0,0.0,0.0,0.0,0.0,0.0,0.0
4,1.45322128883959,145.13916482448724,1.6607429161785714,4.518763879690799,8.428673,10.102192,1.0915301999999998,-0.1552272,-1.7901274,1.5190499410382352,1.9234908123054284,2.0006178788565476,154.9430939859,0.2433782023447677,2.8888964564506083,231.91916039507933,3.645962612037037,2.181389436311785,7.6549315,7.6549315,3.2313303500000004,-0.022902375,-2.6667047,2.761375337264706,-1.1607488327269462,1.699878047231762,281.660284401,0.24742016585988216,8.704984495921986,294.4884628103396,9.683887295833332,0.7617765966208139,12.295581,12.295581,8.982296000000002,6.1896286,4.750521,8.75847930882353,-0.4696761773020861,1.3463519589076214,893.3648895,0.22131458966565348,0.0,0.0,0.0,-3.0,0.0,0.0,0.0,0.0,0.0,0.0,0.0,0.0,0.0,0.0,0.0,0.0,0.0,-3.0,0.0,0.0,0.0,0.0,0.0,0.0,0.0,0.0,0.0,0.0,0.0,0.0,0.0,-3.0,0.0,0.0,0.0,0.0,0.0,0.0,0.0,0.0,0.0,0.0
5,6.275199997911617,492.91994889048453,8.457790217391304,1.7179975931791631,15.902929,15.902929,6.7147367,-1.0376422,-14.008619,6.1831396173,-0.9134574051764315,5.014049044298602,618.31396173,0.2673473869126043,-5.527232752439394,645.5709578043934,-2.938077202826087,-0.006509876089138,4.0887475,4.0887475,-4.6660967499999995,-10.019415,-16.947008,-5.47588132845,-0.3525758858605612,4.141505760418942,-547.588132845,0.2751646903820817,0.6288762942626265,737.7417214627172,2.175181242909091,-0.3023156325643015,6.5216384,6.8296976,0.164358215,-1.319506,-5.8725877,0.33075967997,0.24618961570578218,2.945226229504822,33.075967997,0.3006887052341598,0.0,0.0,0.0,-3.0,0.0,0.0,0.0,0.0,0.0,0.0,0.0,0.0,0.0,0.0,0.0,0.0,0.0,-3.0,0.0,0.0,0.0,0.0,0.0,0.0,0.0,0.0,0.0,0.0,0.0,0.0,0.0,-3.0,0.0,0.0,0.0,0.0,0.0,0.0,0.0,0.0,0.0,0.0
6,-4.082984042134547,37.762719186607626,-3.9407551249999995,0.9120806754863513,0.0,-3.2874637,-4.054169249999999,-4.397705,-4.763095,-4.081999435,-0.25266964792943614,0.24663540783811064,-408.1999435,0.25967374810318666,-8.882942004957004,37.39317235781494,-8.815224037037035,65.20488598544044,0.0,-5.7166123,-8.888142,-9.073681,-9.570648,-8.868682453,7.385829246841226,0.348885858319963,-886.8682453,0.2642424923659117,0.5055329562506323,57.64948555939824,0.72645184125,5.580956948415473,1.906735,1.906735,0.5247337999999999,0.4204756,-0.74634796,0.49215705342,-0.21328303595756049,0.3168261003475382,49.215705342,0.25725004215140784,0.0,0.0,0.0,-3.0,0.0,0.0,0.0,0.0,0.0,0.0,0.0,0.0,0.0,0.0,0.0,0.0,0.0,-3.0,0.0,0.0,0.0,0.0,0.0,0.0,0.0,0.0,0.0,0.0,0.0,0.0,0.0,-3.0,0.0,0.0,0.0,0.0,0.0,0.0,0.0,0.0,0.0,0.0
7,-3.2851506954974323,633.9765213493394,-0.7602357522222223,0.7344450495446164,5.021757,5.021757,-2.782414,-5.700895,-13.9218,-3.0741664260408164,-0.5355474044239756,3.4270447227613317,-301.268309752,0.2721565941904925,-9.654022920968156,761.4182939875665,-5.838833142142858,0.006508577104698432,5.6112313,5.6112313,-9.132658500000002,-17.651743,-19.54261,-9.338165873367346,0.1966508289018601,5.473451409135776,-915.14025559,0.2572455792794776,-1.4418570519992298,805.5285880600463,2.3300640043750005,1.6591144160536793,15.563286,15.563286,-1.68122885,-6.554869,-16.659157,-1.6441687056836736,0.3105573268120953,5.1705504224364125,-161.128533157,0.28091294298921415,0.0,0.0,0.0,-3.0,0.0,0.0,0.0,0.0,0.0,0.0,0.0,0.0,0.0,0.0,0.0,0.0,0.0,-3.0,0.0,0.0,0.0,0.0,0.0,0.0,0.0,0.0,0.0,0.0,0.0,0.0,0.0,-3.0,0.0,0.0,0.0,0.0,0.0,0.0,0.0,0.0,0.0,0.0
8,-2.7296266508551765,1012.3478339682633,0.58638683375,0.07819007906292663,5.438341,5.438341,-2.39988445,-8.0387335,-17.072746,-3.0369537439784313,-0.6470179200694133,4.8599120486825536,-309.7692818858,0.26278764382191094,-9.037009088494246,1253.188214470657,-6.0919786470588235,-1.1444134845790896,6.3444066,6.3444066,-9.70896025,-17.843195,-19.291582,-9.427175503529412,0.38390232453232853,7.987593032928956,-961.57190136,0.2558043727746226,-1.2222820526673341,917.0015371714696,3.183829247083334,-0.18358174436780672,13.508958,13.508958,-0.20110679850000002,-7.6645117,-17.817299,-0.855832051872549,-0.0592387364459357,6.749427725916876,-87.294869291,0.26571619142904784,0.0,0.0,0.0,-3.0,0.0,0.0,0.0,0.0,0.0,0.0,0.0,0.0,0.0,0.0,0.0,0.0,0.0,-3.0,0.0,0.0,0.0,0.0,0.0,0.0,0.0,0.0,0.0,0.0,0.0,0.0,0.0,-3.0,0.0,0.0,0.0,0.0,0.0,0.0,0.0,0.0,0.0,0.0
9,-2.6935332507457024,908.945011365254,1.8235784211764703,-1.123083632357014,7.7444453,7.7444453,-1.55810995,-7.7833643,-13.761333,-2.4294419522,-0.04732784292745594,5.5840280172954015,-242.94419522,0.27297329447451374,-9.886207270144086,1230.3644948176254,-6.582187084999998,-0.9716589190906451,9.004375,9.004375,-10.9408235,-19.229013,-19.517612,-9.6950420489,0.49050149471718496,8.175316172830298,-969.50420489,0.265082574991574,-0.27356423506319527,1575.3881547394412,3.6418549582608697,-0.06339734676100672,15.036831,15.036831,-0.08427474499999998,-8.432265,-18.91811,-0.45874356120000004,-0.17540048762089708,7.289536676408199,-45.87435612,0.25963863366597795,0.0,0.0,0.0,-3.0,0.0,0.0,0.0,0.0,0.0,0.0,0.0,0.0,0.0,0.0,0.0,0.0,0.0,-3.0,0.0,0.0,0.0,0.0,0.0,0.0,0.0,0.0,0.0,0.0,0.0,0.0,0.0,-3.0,0.0,0.0,0.0,0.0,0.0,0.0,0.0,0.0,0.0,0.0
10,-1.6679789077500022,876.3447668753779,2.3303803529411766,-0.7109622199279579,10.009984,10.009984,-1.2786411,-8.307724,-16.624279,-1.887030457979798,-0.17424623636308742,5.417307149940334,-186.81601534,0.2677370948379352,-8.499823715404334,1401.6509654918516,-5.684481981176471,-1.24303238612834,6.4017377,6.4017377,-9.401051,-19.185604,-19.556383,-9.112058920050504,0.24297671613402202,8.170476516072101,-902.093833085,0.2834633853541417,-0.23392905939234457,1102.3386045148266,4.263605249047619,-0.09951845601811504,14.830709,14.830709,0.014968872,-5.709577,-17.373022,-0.4514127999292929,-0.14656632262980712,6.963941355538874,-44.689867193,0.26997084548104955,0.0,0.0,0.0,-3.0,0.0,0.0,0.0,0.0,0.0,0.0,0.0,0.0,0.0,0.0,0.0,0.0,0.0,-3.0,0.0,0.0,0.0,0.0,0.0,0.0,0.0,0.0,0.0,0.0,0.0,0.0,0.0,-3.0,0.0,0.0,0.0,0.0,0.0,0.0,0.0,0.0,0.0,0.0
11,-1.0975509013220426,744.3665156077078,3.2711123411764707,-0.6723212245876393,8.658594,8.658594,-0.13052857,-8.060139,-16.480429,-1.0452583737,-0.3680287265547225,5.265219127997862,-104.52583737,0.26336763218937725,-10.074030108356926,1012.945809808256,-6.125212559,-1.4094315738074705,5.595065,5.595065,-9.696835499999999,-18.80734,-19.5718,-9.52647159365,0.21672341038877746,8.198644696988586,-952.647159365,0.2537243006403775,-1.0761445583882718,1013.4092321363225,2.5474774404166665,0.038313126609160086,13.774206,13.774206,-0.60429335,-6.634803,-18.88967,-1.2267889061200001,-0.08832451063196634,6.787766813968629,-122.678890612,0.26853724300640375,0.0,0.0,0.0,-3.0,0.0,0.0,0.0,0.0,0.0,0.0,0.0,0.0,0.0,0.0,0.0,0.0,0.0,-3.0,0.0,0.0,0.0,0.0,0.0,0.0,0.0,0.0,0.0,0.0,0.0,0.0,0.0,-3.0,0.0,0.0,0.0,0.0,0.0,0.0,0.0,0.0,0.0,0.0
12,-0.7923575391685106,1181.0900642012346,3.0609513166666664,-0.34697395351989346,11.524983,11.524983,0.6797365,-8.059839,-15.241755,-0.7594316773861386,-0.476493504886402,5.53881304447043,-76.702599416,0.267102615694165,-9.565303568362676,1804.3670205013686,-5.322841190666666,-1.315909592199022,6.5147524,6.5147524,-11.52169,-18.95209,-19.575094,-10.071325396633663,0.33451971828226645,8.182051398775805,-1017.20386506,0.25553319919517103,-0.621953561313179,1587.0554216738622,3.1534280917607154,-0.11110733680076557,15.75369,15.75369,-0.20821701,-7.158414,-18.189425,-0.5647355596108911,-0.13882958707606058,7.2298947174980706,-57.0382915207,0.2579225352112676,0.0,0.0,0.0,-3.0,0.0,0.0,0.0,0.0,0.0,0.0,0.0,0.0,0.0,0.0,0.0,0.0,0.0,-3.0,0.0,0.0,0.0,0.0,0.0,0.0,0.0,0.0,0.0,0.0,0.0,0.0,0.0,-3.0,0.0,0.0,0.0,0.0,0.0,0.0,0.0,0.0,0.0,0.0
13,-0.5935391513333336,918.6412022504684,3.246906888235294,-1.1396371960642893,8.31955,8.31955,0.72381983,-6.895411,-11.690839,-0.59467588445,-0.3229717385460993,5.455727340707633,-59.467588445000004,0.27352941176470585,-9.20730012416919,1271.5787336285166,-5.018006084705882,-1.4112775196220908,4.5581713,4.5581713,-9.457857,-19.524797,-19.573446,-8.9766948739,0.1595062556375443,8.120271506511806,-897.66948739,0.2714497920380273,-0.6401020281414136,953.9411492294468,3.113681843454546,-0.005557090602146264,15.567028,15.567028,-0.7211254,-7.6278377,-16.757952,-0.8108069096399999,-0.025417770909004107,6.766167214327526,-81.080690964,0.2609274563820018,0.0,0.0,0.0,-3.0,0.0,0.0,0.0,0.0,0.0,0.0,0.0,0.0,0.0,0.0,0.0,0.0,0.0,-3.0,0.0,0.0,0.0,0.0,0.0,0.0,0.0,0.0,0.0,0.0,0.0,0.0,0.0,-3.0,0.0,0.0,0.0,0.0,0.0,0.0,0.0,0.0,0.0,0.0
14,-1.0524823124712028,735.3908725834694,3.113419747058823,-0.9550590053126538,8.700807,8.700807,0.43439665,-5.9044714,-12.319981,-0.8316659857575758,-0.2648325718400018,5.183075927886109,-82.33493259000001,0.24314752078842009,-9.450053773934556,1159.0034113340512,-2.7063606538461524,-1.3040865086743174,5.9002805,5.9002805,-10.116263,-19.51896,-19.579733,-9.508894382121213,0.2620891639666796,8.219104697732568,-941.38054383,0.26250503423278293,-0.09115211166492265,804.172690490771,3.4884477734,0.20331347212187545,14.549145,14.549145,-0.47870454,-7.1301227,-18.5141,-0.3592770983333333,-0.23287126180481843,7.128818521208285,-35.568432735,0.2443350785340314,0.0,0.0,0.0,-3.0,0.0,0.0,0.0,0.0,0.0,0.0,0.0,0.0,0.0,0.0,0.0,0.0,0.0,-3.0,0.0,0.0,0.0,0.0,0.0,0.0,0.0,0.0,0.0,0.0,0.0,0.0,0.0,-3.0,0.0,0.0,0.0,0.0,0.0,0.0,0.0,0.0,0.0,0.0
15,-0.6557712934325762,1262.992381754423,4.241719918749999,-0.6838910975646932,9.058263,9.058263,0.5628296,-4.256249,-12.337194,-0.15016299257029703,-0.31838764752302307,4.870152569257233,-15.1664622496,0.2640681466184822,-7.86768564860609,1479.8660003332716,-4.370150794615385,-1.4910684347856258,3.9748342,3.9748342,-10.038425,-19.309696,-19.580782,-9.06669765019802,0.08404760466202324,8.062976592274158,-915.73646267,0.27532663516143124,-0.62415526921528,1256.6006525573612,2.1390937411999995,-0.13211293121303713,12.295132,12.295132,-0.7572752,-6.77566,-16.165934,-1.0223977025247524,-0.0986988844108689,6.393817150578575,-103.262167955,0.25786267423851317,0.0,0.0,0.0,-3.0,0.0,0.0,0.0,0.0,0.0,0.0,0.0,0.0,0.0,0.0,0.0,0.0,0.0,-3.0,0.0,0.0,0.0,0.0,0.0,0.0,0.0,0.0,0.0,0.0,0.0,0.0,0.0,-3.0,0.0,0.0,0.0,0.0,0.0,0.0,0.0,0.0,0.0,0.0
16,-0.27598083180934324,796.9096571171975,4.0399489176470595,-0.41430253434505016,9.250613,9.250613,1.27736865,-4.118386,-14.787748,-0.09689350605000001,-0.3786231685092724,5.024759611715559,-9.689350605000001,0.2726975638740345,-10.118360229533511,1308.7973625726258,-4.671566246923077,-1.3804495061835247,4.5532317,4.5532317,-10.9379795,-19.021395,-19.580782,-10.155171681633,0.2639746708210755,7.824150967820824,-1015.5171681633,0.28593628593628595,-0.8170384411313146,1347.1466249116943,2.888449721666667,-0.07726754440523997,15.492783,15.492783,-0.590522,-8.058792,-17.382902,-0.6029117201,-0.05621871442962348,6.367068920150313,-60.291172010000004,0.27009680134680136,0.0,0.0,0.0,-3.0,0.0,0.0,0.0,0.0,0.0,0.0,0.0,0.0,0.0,0.0,0.0,0.0,0.0,-3.0,0.0,0.0,0.0,0.0,0.0,0.0,0.0,0.0,0.0,0.0,0.0,0.0,0.0,-3.0,0.0,0.0,0.0,0.0,0.0,0.0,0.0,0.0,0.0,0.0
17,-0.3061524244209195,936.1200154565086,4.051193190588235,0.07873527998788399,9.81015,9.81015,0.22767654,-3.9139109,-16.654816,-0.19037832565656562,-0.5296312750085033,5.111983571649558,-18.847454239999998,0.2617046818727491,-9.497566352522963,1722.0347364745628,-3.5033041328571426,-1.1758219177382114,7.7106156,7.7106156,-10.131981,-17.923428,-19.580332,-9.031974027070707,0.27761125826517813,8.057040382107092,-894.16542868,0.2771865889212828,-0.4603727971451542,1608.9892098819596,4.380933072772728,-0.2159239993868387,16.20575,16.20575,-1.1600876,-5.4188814,-17.236057,-0.5048198972626263,0.2152219105178775,7.246601870953387,-49.977169829000005,0.26523654916512057,0.0,0.0,0.0,-3.0,0.0,0.0,0.0,0.0,0.0,0.0,0.0,0.0,0.0,0.0,0.0,0.0,0.0,-3.0,0.0,0.0,0.0,0.0,0.0,0.0,0.0,0.0,0.0,0.0,0.0,0.0,0.0,-3.0,0.0,0.0,0.0,0.0,0.0,0.0,0.0,0.0,0.0,0.0
18,0.16430949107612516,1019.8907880259976,4.472932913124999,-0.6597193490441038,9.138946,9.138946,1.0427316,-4.884343,-12.765604,0.07638315284999998,-0.42817669783969586,4.890670041117251,7.638315284999998,0.255563985837127,-9.357463277264543,1534.0500733290162,-2.5627170207692314,-1.2599123241159744,6.3869185,6.3869185,-10.147023999999998,-16.255747,-19.581081,-9.23157434796,0.2326776044744926,8.207677334651672,-923.157434796,0.24574919263841874,-1.3539000698823958,1221.9841648756892,3.5454317661363643,0.7184941004050631,13.800102,13.800102,-0.9582323500000001,-2.6438022,-17.428856,-0.93064022445,-0.3542338406521546,5.712420281986883,-93.064022445,0.27449763185726767,0.0,0.0,0.0,-3.0,0.0,0.0,0.0,0.0,0.0,0.0,0.0,0.0,0.0,0.0,0.0,0.0,0.0,-3.0,0.0,0.0,0.0,0.0,0.0,0.0,0.0,0.0,0.0,0.0,0.0,0.0,0.0,-3.0,0.0,0.0,0.0,0.0,0.0,0.0,0.0,0.0,0.0,0.0
19,-0.20561114116683385,805.25177139069,4.2806296375,-0.7162474457759744,8.869805,8.869805,1.2618759,-6.1098447,-11.289523,0.2420866851980198,-0.38179180813985447,5.007583718190001,24.450755205,0.27110430215107556,-9.908703143801903,1307.5425503170097,-4.561959476923077,-1.0622000380040457,6.5586114,6.5586114,-11.947555,-16.148418,-19.581081,-10.351573828118811,0.4574832811249501,7.87402322305695,-1045.50895664,0.2681340670335168,-0.1236732072346179,1538.3835846584384,3.9116656554545455,-0.11888820199109285,14.122083,14.122083,-0.43095383,-8.778345,-18.082996,-0.5284767766930693,-0.15640967079268991,6.456552273352265,-53.376154446,0.2642912365273546,0.0,0.0,0.0,-3.0,0.0,0.0,0.0,0.0,0.0,0.0,0.0,0.0,0.0,0.0,0.0,0.0,0.0,-3.0,0.0,0.0,0.0,0.0,0.0,0.0,0.0,0.0,0.0,0.0,0.0,0.0,0.0,-3.0,0.0,0.0,0.0,0.0,0.0,0.0,0.0,0.0,0.0,0.0
20,-0.15676501962009246,896.1072886158975,5.661141814285713,-0.9031907098255094,9.302405,9.302405,1.4188994,3.585943,-11.072175,-0.1092168032323232,-0.3935617287742424,5.231975013933557,-10.812463519999998,0.25580971807386904,-10.01584649573177,1569.603029698965,-4.958828107333334,-1.0495851842470143,7.4687185,7.4687185,-11.135942,-16.35993,-19.581081,-9.762513847474748,0.4440554644235056,8.103906829318465,-966.4888709,0.27635560088390276,0.09566663119071739,1213.0330841021432,3.7560392733333337,-0.3773768204885326,12.462784,12.462784,0.19699036,-7.8905416,-16.822317,-0.24506765010101014,-0.33005440555498883,6.803586361711375,-24.261697360000003,0.2810428352881183,0.0,0.0,0.0,-3.0,0.0,0.0,0.0,0.0,0.0,0.0,0.0,0.0,0.0,0.0,0.0,0.0,0.0,-3.0,0.0,0.0,0.0,0.0,0.0,0.0,0.0,0.0,0.0,0.0,0.0,0.0,0.0,-3.0,0.0,0.0,0.0,0.0,0.0,0.0,0.0,0.0,0.0,0.0
21,-0.05217344222940939,681.1149967459335,4.517755253333333,-0.469589702499714,8.258027,8.258027,1.29787605,-3.6148329,-11.887529,0.001456464859999959,-0.6102645772007345,4.684588070990984,0.1456464859999959,0.2626242209870305,-9.476748713397674,1112.3356583992854,-2.1884616546666664,-1.1837416362044864,7.61706,7.61706,-9.618324,-15.469431,-19.580631,-9.15213904266,0.2703435580961266,8.176066491054577,-915.213904266,0.26861209364999156,-0.9773400349262249,1056.0461826942997,3.732603909090908,0.5037259294381666,15.487992,15.487992,-0.023650815500000002,-7.652087,-18.130747,-1.05030590796,-0.30413949113723515,6.1957010039809965,-105.030590796,0.2687996692544444,0.0,0.0,0.0,-3.0,0.0,0.0,0.0,0.0,0.0,0.0,0.0,0.0,0.0,0.0,0.0,0.0,0.0,-3.0,0.0,0.0,0.0,0.0,0.0,0.0,0.0,0.0,0.0,0.0,0.0,0.0,0.0,-3.0,0.0,0.0,0.0,0.0,0.0,0.0,0.0,0.0,0.0,0.0
22,0.2678239997173797,718.4079287232854,3.5276297875000004,-0.7712491819406408,10.8418045,10.8418045,0.6973248999999999,-6.4488893,-8.9204,0.022492992040816305,-0.08723894968097252,4.939416753795634,2.2043132199999977,0.2631405176967776,-10.413481041447438,1015.3517127692071,-4.8041904361538466,-1.1595723408966567,6.805897,6.805897,-11.214979,-16.584463,-19.580782,-10.228274573673469,0.36309979056470315,7.825477893302587,-1002.37090822,0.26360274696249336,-0.8365735111621765,1032.2604032028862,3.696801071818182,-0.09734270990213378,14.230008,14.241085,-0.39151086,-6.48721,-18.275047,-0.46992482673469393,-0.05660189706357203,6.599795544752033,-46.05263302000001,0.2629064015751813,0.0,0.0,0.0,-3.0,0.0,0.0,0.0,0.0,0.0,0.0,0.0,0.0,0.0,0.0,0.0,0.0,0.0,-3.0,0.0,0.0,0.0,0.0,0.0,0.0,0.0,0.0,0.0,0.0,0.0,0.0,0.0,-3.0,0.0,0.0,0.0,0.0,0.0,0.0,0.0,0.0,0.0,0.0
23,-0.498244486128586,861.1352645258958,3.7294009562499997,-0.4030536400166338,8.78104,8.78104,0.6147716,-4.0790176,-13.427977,-0.18214645532038834,-0.561641040426619,4.717764992967516,-18.761084898,0.23417840966280826,-9.101242943208357,1461.131574455723,-3.4560452885714286,-1.1240767296053287,6.8383794,6.8383794,-10.948832,-16.456778,-19.580782,-9.526105840679612,0.36350321406841857,8.085065392127385,-981.18890159,0.2629232870803077,-0.1690174554403625,1160.487323087553,3.56445646225,-0.26773475702265426,13.5941305,13.5941305,-0.14804214,-7.340585,-17.39802,-0.4940018315145631,-0.24393417661751313,6.733508014928938,-50.882188646,0.26373511155846335,0.0,0.0,0.0,-3.0,0.0,0.0,0.0,0.0,0.0,0.0,0.0,0.0,0.0,0.0,0.0,0.0,0.0,-3.0,0.0,0.0,0.0,0.0,0.0,0.0,0.0,0.0,0.0,0.0,0.0,0.0,0.0,-3.0,0.0,0.0,0.0,0.0,0.0,0.0,0.0,0.0,0.0,0.0
24,-0.23275367931466337,684.6453314109945,3.3050614562500003,-0.8493445526578451,7.9430823,7.9430823,0.9714798,-3.982618,-9.483379,-0.16358860534616157,-0.3700408425634585,4.313940726865655,-16.195271929269996,0.2504775853285787,-9.438990858690271,971.8049873496468,-4.005285144285714,-1.2987304892920528,6.112539,6.112539,-10.145303,-19.53288,-19.58093,-9.509993515232324,0.2682381420149997,8.134623259234042,-941.489358008,0.2678116585401354,-0.3708577276507884,1080.6131487395187,4.690125089130435,0.163241630807772,13.082794,13.082794,-0.45415556,-5.5184245,-16.323555,-0.3186782454242424,-0.27581375651593604,6.237390539636001,-31.549146296999997,0.26662827526634036,0.0,0.0,0.0,-3.0,0.0,0.0,0.0,0.0,0.0,0.0,0.0,0.0,0.0,0.0,0.0,0.0,0.0,-3.0,0.0,0.0,0.0,0.0,0.0,0.0,0.0,0.0,0.0,0.0,0.0,0.0,0.0,-3.0,0.0,0.0,0.0,0.0,0.0,0.0,0.0,0.0,0.0,0.0
25,0.36830957689489624,768.3003166761786,4.271341245882352,-0.327684762380692,9.913136,9.913136,1.0806776999999999,-6.2990513,-12.986245,0.4212569927,-0.5269002990049969,4.607244159814629,42.12569927,0.27830455072377613,-10.361163849926731,993.883007097988,-4.151800789230769,-0.9730532085221419,6.7961674,6.7961674,-12.023672000000001,-16.028667,-19.58093,-10.3192304453,0.47042849535131226,7.814232397293183,-1031.92304453,0.25028180510747466,-0.6390403276200095,1004.0760686525266,3.8466191022727276,-0.173449067360969,14.970967,14.970967,-0.554447025,-8.094268,-17.771345,-0.4907649648,-0.05653074448055128,6.396015289802916,-49.076496479999996,0.2649869079884239,0.0,0.0,0.0,-3.0,0.0,0.0,0.0,0.0,0.0,0.0,0.0,0.0,0.0,0.0,0.0,0.0,0.0,-3.0,0.0,0.0,0.0,0.0,0.0,0.0,0.0,0.0,0.0,0.0,0.0,0.0,0.0,-3.0,0.0,0.0,0.0,0.0,0.0,0.0,0.0,0.0,0.0,0.0
26,0.1785484681527206,900.5369697408441,4.11356768125,-0.7398978984408813,9.740844,9.740844,0.80367872,-4.468807,-11.543545,-0.065297203,-0.3542950963645104,4.84699823622622,-6.5297203,0.27485509072580644,-10.00890643940416,1216.0838540624397,-3.7448695391928575,-1.1318125575350217,7.003037,7.003037,-10.460697,-15.637531,-19.580631,-9.318342923687,0.32508811569940976,7.992644127398119,-931.8342923687,0.2531322004608295,-1.1056296763860884,1446.184507959122,3.682573899636364,-0.08749714858383317,13.07501,13.07501,-0.421822825,-7.300169,-17.459843,-0.58474102998,-0.21734072126292833,6.570824266270981,-58.474102998,0.2676869501466276,0.0,0.0,0.0,-3.0,0.0,0.0,0.0,0.0,0.0,0.0,0.0,0.0,0.0,0.0,0.0,0.0,0.0,-3.0,0.0,0.0,0.0,0.0,0.0,0.0,0.0,0.0,0.0,0.0,0.0,0.0,0.0,-3.0,0.0,0.0,0.0,0.0,0.0,0.0,0.0,0.0,0.0,0.0
27,-0.6738780838426155,1175.5134269070554,3.3039293733333337,-0.5748331638969955,8.820707,8.820707,0.6857240149999999,-4.766538,-12.714111,-0.4678311479,-0.39290390205112863,4.523934612035825,-46.78311479,0.27484244592062684,-9.05410136767757,1769.3107168824893,-3.321961323076923,-1.2349132478765668,5.760022,5.760022,-11.091261,-14.942976,-19.58093,-9.6656641979,0.2759096533702235,7.947316253206841,-966.5664197899999,0.2923627215911324,-0.2848998631272367,1774.6036869411064,4.247207875999999,0.06619540343068087,13.394446,13.394446,-0.16690292,-6.8600845,-17.135468,-0.10945840689999996,-0.3710368202347078,6.189106934744854,-10.945840689999995,0.25960654062340316,0.0,0.0,0.0,-3.0,0.0,0.0,0.0,0.0,0.0,0.0,0.0,0.0,0.0,0.0,0.0,0.0,0.0,-3.0,0.0,0.0,0.0,0.0,0.0,0.0,0.0,0.0,0.0,0.0,0.0,0.0,0.0,-3.0,0.0,0.0,0.0,0.0,0.0,0.0,0.0,0.0,0.0,0.0
28,0.5391697581918377,745.2367339215082,4.112564505555556,-0.04955045681856207,9.267827,9.267827,1.5509248,-2.1324656,-11.819272,0.45125857324242424,-0.558124669831332,4.3395816728977366,44.674598751000005,0.27706916099773243,-10.203283536704083,1011.6250878467406,-4.1688432749999995,-1.1146515215265178,6.4038334,6.4038334,-11.569141,-16.4704,-19.581081,-10.273957908787878,0.41218365475914487,7.891894655838487,-1017.12183297,0.2584183673469388,-0.7896912662714298,1117.2669581126236,4.027028104545455,0.24768395517469655,12.795542,12.795542,-0.9286688,-7.1248837,-17.759369,-0.8063716172727273,-0.24068544091326272,6.032534433519164,-79.83079011,0.27221706864564005,0.0,0.0,0.0,-3.0,0.0,0.0,0.0,0.0,0.0,0.0,0.0,0.0,0.0,0.0,0.0,0.0,0.0,-3.0,0.0,0.0,0.0,0.0,0.0,0.0,0.0,0.0,0.0,0.0,0.0,0.0,0.0,-3.0,0.0,0.0,0.0,0.0,0.0,0.0,0.0,0.0,0.0,0.0
29,0.40162630841010194,691.3888242694962,3.749464770588235,-0.06448925252885296,8.179291,8.179291,1.0656340499999999,-1.4700929,-13.304334,-0.09833199698700003,-0.6686053513432612,4.540386302796005,-9.833199698700003,0.23586580412216038,-10.38392589059335,1146.2153951337436,-3.875665540285714,-1.1576198493768168,5.95312,5.95312,-11.332558500000001,-15.018569,-19.58093,-9.54660770244,0.31419012004671676,7.697253324503475,-954.660770244,0.23397880891487027,-0.21042073085933444,837.6690477228701,3.871100014761904,-0.4588813449496647,12.223282,12.223282,-1.0904823000000001,-7.574848,-15.794405,-0.8285869391,-0.09621435193766098,6.2460542331407485,-82.85869391,0.23059310680794057,0.0,0.0,0.0,-3.0,0.0,0.0,0.0,0.0,0.0,0.0,0.0,0.0,0.0,0.0,0.0,0.0,0.0,-3.0,0.0,0.0,0.0,0.0,0.0,0.0,0.0,0.0,0.0,0.0,0.0,0.0,0.0,-3.0,0.0,0.0,0.0,0.0,0.0,0.0,0.0,0.0,0.0,0.0
30,-1.0803850053645054,775.5329735866981,2.7542284411764704,-0.7687230520967989,8.777447,8.777447,0.41972718,-5.2552714,-9.42994,-0.46823521603960394,-0.13537316801034266,4.236950563694543,-47.29175682,0.2698961937716263,-10.15484673072901,1410.6431567310863,-3.4971890961538454,-1.1514765049647635,5.418582,5.418582,-10.516232,-16.11429,-19.58093,-9.895381852376238,0.34183874340265946,7.84883553985075,-999.43356709,0.29226128321150946,0.10780187576646494,1662.4328722982073,4.069190199565218,0.19353381972686812,14.584172,14.584172,0.008083191,-6.5716343,-17.61926,-0.050808208801980205,-0.38519930380684875,6.404099778468881,-5.1316290890000005,0.2596891599449144,0.0,0.0,0.0,-3.0,0.0,0.0,0.0,0.0,0.0,0.0,0.0,0.0,0.0,0.0,0.0,0.0,0.0,-3.0,0.0,0.0,0.0,0.0,0.0,0.0,0.0,0.0,0.0,0.0,0.0,0.0,0.0,-3.0,0.0,0.0,0.0,0.0,0.0,0.0,0.0,0.0,0.0,0.0
31,0.5738657593469706,967.6776075690161,5.044240526666666,-0.4134633949693658,8.462353,8.462353,1.5019018,2.9681776,-11.3958025,0.42186175743,-0.5785592617547377,4.4527968713038035,42.186175743,0.276969696969697,-10.223623505543435,1417.7165547133304,-4.6989161196666664,-1.1907407644690926,5.584886,5.584886,-10.543549500000001,-15.68648,-19.58093,-10.13348331776,0.31957830341803994,7.72171099545579,-1013.348331776,0.2555976430976431,-0.8955598344787111,1343.1590864372815,2.8324815929695655,-0.27682404940376415,12.4210205,12.4210205,-1.1527528,-7.2519693,-15.360158,-0.973588911517,-0.06041907992231638,5.845689460838897,-97.35889115169999,0.2647342995169082,0.0,0.0,0.0,-3.0,0.0,0.0,0.0,0.0,0.0,0.0,0.0,0.0,0.0,0.0,0.0,0.0,0.0,-3.0,0.0,0.0,0.0,0.0,0.0,0.0,0.0,0.0,0.0,0.0,0.0,0.0,0.0,-3.0,0.0,0.0,0.0,0.0,0.0,0.0,0.0,0.0,0.0,0.0
32,0.26121671384654177,683.1252244447027,3.273650755555556,-0.23324073991058647,9.09853,9.09853,0.992136825,-2.8907886,-9.360036,0.06639742615000004,-0.5124632748611885,4.133773366155456,6.639742615000003,0.27713276123170116,-9.008696981675921,1097.5984470571304,-3.8186983007142854,-1.153641229484845,6.0620937,6.226302,-10.463092,-15.704292,-19.58093,-9.2443413354,0.2947471019814091,7.825740967887244,-924.43413354,0.27929617076512586,-0.8905598007011611,1200.2087136202595,3.1936283678260873,-0.33184983077590013,12.172836,12.172836,-0.91167915,-8.2671585,-16.693886,-0.85121391826,-0.1082211441219795,6.492177950279311,-85.12139182599999,0.2687048701797511,0.0,0.0,0.0,-3.0,0.0,0.0,0.0,0.0,0.0,0.0,0.0,0.0,0.0,0.0,0.0,0.0,0.0,-3.0,0.0,0.0,0.0,0.0,0.0,0.0,0.0,0.0,0.0,0.0,0.0,0.0,0.0,-3.0,0.0,0.0,0.0,0.0,0.0,0.0,0.0,0.0,0.0,0.0
33,0.07916313637190414,783.6631311104925,3.3106389941176473,-0.8809607103334165,8.003257,8.003257,0.9389225000000001,-6.5418463,-9.812844,-0.277849208,-0.4022713714751478,4.335628172218311,-27.784920800000002,0.2849329726837678,-10.401400332885801,1078.3381126817246,-5.633781104285715,-1.1262884003142954,6.2745023,6.2745023,-11.003767499999999,-19.53423,-19.580631,-9.89608594066,0.33350918824934744,7.746465040181925,-989.608594066,0.25611780841694937,-0.4998430028676111,1541.6969462631698,4.5042833652173915,-0.01467650196232162,12.236604,12.236604,-0.343385925,-5.1317782,-16.351696,-0.46681621770000004,-0.3493154346448121,6.118534382312027,-46.68162177,0.27732495551112774,0.0,0.0,0.0,-3.0,0.0,0.0,0.0,0.0,0.0,0.0,0.0,0.0,0.0,0.0,0.0,0.0,0.0,-3.0,0.0,0.0,0.0,0.0,0.0,0.0,0.0,0.0,0.0,0.0,0.0,0.0,0.0,-3.0,0.0,0.0,0.0,0.0,0.0,0.0,0.0,0.0,0.0,0.0
34,0.734419041476527,865.3619795490212,4.321891999999999,-0.2704824849791234,8.615484,8.615484,1.7140107,-4.0585103,-11.432027,0.49575557467,-0.5794638445039949,4.158011599073428,49.575557467,0.26460195385574725,-11.270702580461888,1304.295757848491,-5.71846612923077,-1.1026803830524337,5.5360875,5.5360875,-12.481719,-19.17273,-19.580782,-10.6387801275,0.44333947423199893,7.519940585498712,-1063.87801275,0.25705743020230654,-0.9269694820784969,1938.776781722766,3.2190560016666683,-0.356171511381298,13.566888,13.566888,-1.043704615,-7.352261,-15.784975,-0.732012270375,-0.127823498037795,6.174848417356611,-73.2012270375,0.25885495540972575,0.0,0.0,0.0,-3.0,0.0,0.0,0.0,0.0,0.0,0.0,0.0,0.0,0.0,0.0,0.0,0.0,0.0,-3.0,0.0,0.0,0.0,0.0,0.0,0.0,0.0,0.0,0.0,0.0,0.0,0.0,0.0,-3.0,0.0,0.0,0.0,0.0,0.0,0.0,0.0,0.0,0.0,0.0
35,-0.009326225493186218,701.9309372658928,3.805204907142857,-0.7331365829496028,7.644453,7.644453,0.9714049250000001,-5.4134927,-9.557475,-0.04710104914000001,-0.4528045086620878,4.306972546690807,-4.710104914000001,0.3017956299127425,-9.934983085936397,1060.0774536902659,-4.088030987142857,-1.0567988797316938,5.477709,5.477709,-10.448122999999999,-14.745836,-19.58093,-9.706484254,0.35728754028056614,7.543692976725464,-970.6484254,0.2637556789500252,-0.7722658727460887,1543.097300513774,3.2432695456000005,-0.3750044063999396,12.008628,12.008628,-0.363144845,-7.4851847,-17.92747,-0.6596243093,-0.17421282406098815,6.43068090498653,-65.96243093,0.2650984351337708,0.0,0.0,0.0,-3.0,0.0,0.0,0.0,0.0,0.0,0.0,0.0,0.0,0.0,0.0,0.0,0.0,0.0,-3.0,0.0,0.0,0.0,0.0,0.0,0.0,0.0,0.0,0.0,0.0,0.0,0.0,0.0,-3.0,0.0,0.0,0.0,0.0,0.0,0.0,0.0,0.0,0.0,0.0
36,-0.1612182284494321,1019.6122657393579,4.60237932,-0.7622401304086242,8.539592,8.539592,0.74230637,2.8045678,-9.352701,-0.03264588938775508,-0.34612835704902,4.328615610209154,-3.1992971599999978,0.27065703474372205,-10.075017816506707,976.2465228630274,-4.292289545384616,-1.3446500648161839,5.2226396,5.2226396,-10.0647705,-19.248173,-19.579285,-9.41621634602041,0.18871464453126302,8.008847338765424,-922.78920191,0.255338572676034,-0.6067839012693492,1460.7377326043297,3.3494099116666667,0.2339275623190855,13.0577965,13.528717,-0.36771034,-6.925199,-17.522562,-0.5016038536734694,-0.2552543005390464,6.301712295198507,-49.15717766,0.2642328861369109,0.0,0.0,0.0,-3.0,0.0,0.0,0.0,0.0,0.0,0.0,0.0,0.0,0.0,0.0,0.0,0.0,0.0,-3.0,0.0,0.0,0.0,0.0,0.0,0.0,0.0,0.0,0.0,0.0,0.0,0.0,0.0,-3.0,0.0,0.0,0.0,0.0,0.0,0.0,0.0,0.0,0.0,0.0
37,-0.20561158206751007,1390.546567739571,4.659520443999999,1.0894955140173197,9.998009,9.998009,0.77860587,0.51807266,-15.434704,0.05389708819387753,-0.7502541188724918,4.390463960157579,5.281914642999998,0.2901898734177215,-9.079231969643459,2352.8711072939377,-4.879392564285715,-1.2212031043058935,5.422923,5.422923,-10.607916,-18.267113,-19.577787,-9.892357736081633,0.2801617794020445,7.642185039230439,-969.451058136,0.27622061482820975,0.10716249902636962,1969.4138378663013,2.964491545416667,0.002003225241908435,15.627053,15.627053,-1.2471316,-6.7392855,-15.530055,-0.8738583170714286,0.03372801214771354,6.096980067477991,-85.638115073,0.2581970815752461,0.0,0.0,0.0,-3.0,0.0,0.0,0.0,0.0,0.0,0.0,0.0,0.0,0.0,0.0,0.0,0.0,0.0,-3.0,0.0,0.0,0.0,0.0,0.0,0.0,0.0,0.0,0.0,0.0,0.0,0.0,0.0,-3.0,0.0,0.0,0.0,0.0,0.0,0.0,0.0,0.0,0.0,0.0
38,-0.14474433520950464,1259.4050326945503,3.3242254117647057,-0.5677540327922528,8.07855,8.07855,0.360225915,-3.6275566,-8.305629,-0.14248928265384617,-0.3421890092834243,3.8182301598937447,-14.818885396,0.26294748865310047,-8.979461248091466,1824.4616207520157,-4.091611493333333,-1.2419357551963777,5.538333,5.538333,-10.900931,-18.731298,-19.57599,-9.833503942019231,0.31408541944926804,7.652374551480583,-1022.68440997,0.256957928802589,-1.1444568521742475,2207.630087889314,3.79310642076923,-0.3878453033434446,13.067975,13.067975,-0.478854235,-6.670878,-17.774338,-0.7331724777884616,-0.24864887753936554,6.675884114239737,-76.24993769000001,0.23931842301796313,0.0,0.0,0.0,-3.0,0.0,0.0,0.0,0.0,0.0,0.0,0.0,0.0,0.0,0.0,0.0,0.0,0.0,-3.0,0.0,0.0,0.0,0.0,0.0,0.0,0.0,0.0,0.0,0.0,0.0,0.0,0.0,-3.0,0.0,0.0,0.0,0.0,0.0,0.0,0.0,0.0,0.0,0.0
39,-0.33003365279679653,724.8382343006604,3.860275644375,0.11865020420554906,8.50217,8.50217,0.8548723,0.19893631,-12.917238,-0.09589359495300002,-0.6095489357160527,4.036461356484016,-9.589359495300002,0.2487701816347124,-8.968279251680121,1255.4928090471644,-5.095823221733332,-1.4113368043068724,5.2304235,5.2304235,-10.479258000000002,-19.522104,-19.579285,-9.31312325141,0.20945380233029745,8.073451270896667,-931.312325141,0.2612176252943155,-0.5247902390867804,1022.2405901825903,3.2992630852173916,0.15766042532503688,11.276351,11.276351,-0.31464569,-7.103179,-18.128052,-0.86943247805,-0.30643987597725225,5.849310761589705,-86.943247805,0.2639845566621331,0.0,0.0,0.0,-3.0,0.0,0.0,0.0,0.0,0.0,0.0,0.0,0.0,0.0,0.0,0.0,0.0,0.0,-3.0,0.0,0.0,0.0,0.0,0.0,0.0,0.0,0.0,0.0,0.0,0.0,0.0,0.0,-3.0,0.0,0.0,0.0,0.0,0.0,0.0,0.0,0.0,0.0,0.0
40,0.08286181600505067,764.8817439324106,4.073189139999999,0.7253645239308368,9.586964,9.586964,0.35595977,-3.01997,-14.418017,0.15385007227999997,-0.5014088137834125,4.282564795158445,15.385007227999997,0.285479797979798,-10.202989730010103,1110.6725274347743,-5.053884074999999,-1.3542134893943625,5.3367023,5.3367023,-9.256077,-18.936071,-19.545753,-9.628885563399999,0.18483412678974645,7.482011901745665,-962.88855634,0.26660353535353537,-0.820485753828284,1400.6767632263832,4.329973994782608,-0.30354602440999034,14.750326,14.750326,-0.8852591000000001,-5.862559,-15.098053,-0.5789465842,0.10468717967522537,5.872772838548292,-57.89465842,0.23906455862977602,0.0,0.0,0.0,-3.0,0.0,0.0,0.0,0.0,0.0,0.0,0.0,0.0,0.0,0.0,0.0,0.0,0.0,-3.0,0.0,0.0,0.0,0.0,0.0,0.0,0.0,0.0,0.0,0.0,0.0,0.0,0.0,-3.0,0.0,0.0,0.0,0.0,0.0,0.0,0.0,0.0,0.0,0.0
41,-0.16659458957452083,941.4620842046862,4.068231311764706,-0.3216276871902344,7.384145,7.384145,0.66386948,-3.0340407,-12.449311,-0.2862512125,-0.5414148227855068,4.299891264306983,-28.62512125,0.2597002547242462,-8.988040087656096,1830.3831679339955,-5.391528245333334,-1.389803409950253,4.5911026,4.5911026,-10.268945500000001,-18.98532,-19.580631,-9.4051803141,0.21548066643853755,7.9116786024272105,-940.51803141,0.25243370258476,0.04585712840080614,1860.419551503019,4.293859989478261,0.15635833151084277,12.20023,12.20023,-0.07259903,-6.7253647,-17.92747,-0.40968006940999996,-0.20014239100167552,6.252118253127318,-40.96800694099999,0.2623582468584439,0.0,0.0,0.0,-3.0,0.0,0.0,0.0,0.0,0.0,0.0,0.0,0.0,0.0,0.0,0.0,0.0,0.0,-3.0,0.0,0.0,0.0,0.0,0.0,0.0,0.0,0.0,0.0,0.0,0.0,0.0,0.0,-3.0,0.0,0.0,0.0,0.0,0.0,0.0,0.0,0.0,0.0,0.0
42,0.5070151587746331,987.0639290799262,4.224391894117647,-0.26693810974527876,8.302036,8.302036,1.0597213,-3.6856356,-12.300072,0.585151198095,-0.4617621284560754,4.278063626282999,58.5151198095,0.2727164640489849,-9.390533403600303,1371.9966840466657,-6.112678027500001,-1.3628739529279557,4.4002495,4.4002495,-10.976449500000001,-18.407822,-19.554586,-10.04451435095,0.2540221237780786,7.513268564043861,-1004.451435095,0.2835847830794774,-0.3593084419504803,1226.675850886025,3.8075198059999997,-0.11168081527099005,13.069023,13.069023,-0.8784482499999999,-5.7598724,-14.6427,-0.7918982069599999,-0.09045923119110943,5.741163285871469,-79.189820696,0.26094829038234796,0.0,0.0,0.0,-3.0,0.0,0.0,0.0,0.0,0.0,0.0,0.0,0.0,0.0,0.0,0.0,0.0,0.0,-3.0,0.0,0.0,0.0,0.0,0.0,0.0,0.0,0.0,0.0,0.0,0.0,0.0,0.0,-3.0,0.0,0.0,0.0,0.0,0.0,0.0,0.0,0.0,0.0,0.0
43,-0.6466844876116544,725.960547158072,4.022934286666666,-0.6467751112118822,8.116422,8.116422,0.380957775,-1.9200572,-11.470347,-0.4157252853877551,-0.4139203802859715,4.2150935997103955,-40.741077968,0.2565927454014097,-9.29015058878288,1277.3411103079316,-5.722057175,-1.2707045716897853,4.479884,4.479884,-11.039618,-19.260448,-19.554886,-9.448303204081633,0.24632702598185394,7.722138976683829,-925.933714,0.27053249097472926,-0.39935528912841933,1314.888788884951,3.4833476256521734,0.2701768289649107,10.823692,10.823692,0.32991394500000004,-6.8874774,-18.05231,-0.2840114686734694,-0.4419649190978049,6.098131308974731,-27.833123929999996,0.25425477050025785,0.0,0.0,0.0,-3.0,0.0,0.0,0.0,0.0,0.0,0.0,0.0,0.0,0.0,0.0,0.0,0.0,0.0,-3.0,0.0,0.0,0.0,0.0,0.0,0.0,0.0,0.0,0.0,0.0,0.0,0.0,0.0,-3.0,0.0,0.0,0.0,0.0,0.0,0.0,0.0,0.0,0.0,0.0
44,0.37816932336538533,877.7222221971841,3.12283605,0.2638924368513531,7.695946,7.695946,1.2562626,-3.7514987,-11.727962,0.33710781501960785,-0.583018570666701,3.739685449675845,34.384997132,0.26573886639676114,-10.833236779139678,1595.7547925112235,-5.718868196428573,-1.2658024681062077,4.3619294,4.3619294,-12.397144999999998,-18.304834,-19.579285,-10.187073200588236,0.30975122246661263,7.372279900827455,-1039.08146646,0.2366252168883748,-1.631571075994433,1794.9403542706902,3.5547627200000003,0.015897036889699123,12.198732,12.198732,-0.24376808,-6.6446824,-17.56672,-0.723156487745098,-0.29074626878960347,5.800638101254031,-73.76196175,0.2608805668016194,0.0,0.0,0.0,-3.0,0.0,0.0,0.0,0.0,0.0,0.0,0.0,0.0,0.0,0.0,0.0,0.0,0.0,-3.0,0.0,0.0,0.0,0.0,0.0,0.0,0.0,0.0,0.0,0.0,0.0,0.0,0.0,-3.0,0.0,0.0,0.0,0.0,0.0,0.0,0.0,0.0,0.0,0.0
45,0.10935886965421479,734.9680871607975,3.1823489499999997,-0.7886028535722973,8.545729,8.545729,0.68490076,-4.5393105,-8.535101,-0.07445517199999997,-0.20859512289718385,4.2221494000933415,-7.445517199999998,0.27155196589825564,-9.798256662379353,1226.0520505733123,-5.374143078124999,-1.1963857523602688,4.7725253,4.7725253,-11.184068,-19.160604,-19.565662,-9.66275120819,0.34682411243761835,7.767219246746284,-966.275120819,0.26366102978293793,-0.566046316953559,1566.9377296104356,5.0395961643478255,0.13389817917988278,12.750036,12.750036,-0.21023781,-5.423821,-18.397942,-0.4407045579,-0.3374180081033711,6.636409778516566,-44.070455790000004,0.25935517854399404,0.0,0.0,0.0,-3.0,0.0,0.0,0.0,0.0,0.0,0.0,0.0,0.0,0.0,0.0,0.0,0.0,0.0,-3.0,0.0,0.0,0.0,0.0,0.0,0.0,0.0,0.0,0.0,0.0,0.0,0.0,0.0,-3.0,0.0,0.0,0.0,0.0,0.0,0.0,0.0,0.0,0.0,0.0
46,-0.07302251036024208,1011.9775639929363,3.32760271,-0.5253115688752219,8.186476,8.186476,0.91841515,-6.390661,-9.683513,0.10458004357000002,-0.40129142932584516,4.024275798471517,10.458004357000002,0.27194752774974773,-8.827269165479313,1319.023704536041,-3.211721175714286,-1.3247457610235982,5.0931587,5.0931587,-9.728644,-18.38866,-19.580631,-9.032620058300001,0.11515865535597342,7.826047919630284,-903.26200583,0.2513334294363558,-0.563102445464177,919.0667851632275,3.6182106786956525,0.25098659696098125,12.440181,12.440181,-0.518671425,-7.614366,-17.756973,-0.7269961795,-0.18627568165550434,6.169221562968493,-72.69961795,0.2666608169174747,0.0,0.0,0.0,-3.0,0.0,0.0,0.0,0.0,0.0,0.0,0.0,0.0,0.0,0.0,0.0,0.0,0.0,-3.0,0.0,0.0,0.0,0.0,0.0,0.0,0.0,0.0,0.0,0.0,0.0,0.0,0.0,-3.0,0.0,0.0,0.0,0.0,0.0,0.0,0.0,0.0,0.0,0.0
47,-0.28152574130742103,1369.4650817180225,3.734504641176471,-0.2911671416344799,11.076666,11.076666,1.04939275,-4.1742196,-11.068583,0.16533574234693876,-0.229392180964704,4.344040164109608,16.20290275,0.3028476408231137,-8.331328455441696,2415.851046554551,-4.032813704666666,-1.2888253026551122,5.019961,5.019961,-10.02300675,-16.034805,-19.577787,-9.69265624112245,0.16605729840971523,7.452784572655519,-949.8803116299999,0.2503112905939761,-1.904600549630994,2762.382727384589,4.3412063854400005,-0.2744130465727217,14.582525,14.582525,-0.7197781999999999,-6.623576,-14.793437,-0.4157268439795919,0.17035070651024534,6.177385961693978,-40.74123071,0.2621706208985361,0.0,0.0,0.0,-3.0,0.0,0.0,0.0,0.0,0.0,0.0,0.0,0.0,0.0,0.0,0.0,0.0,0.0,-3.0,0.0,0.0,0.0,0.0,0.0,0.0,0.0,0.0,0.0,0.0,0.0,0.0,0.0,-3.0,0.0,0.0,0.0,0.0,0.0,0.0,0.0,0.0,0.0,0.0
48,-0.42393070376139774,889.8518789775188,3.2615763764705887,0.2249123928689225,8.735535,8.735535,0.77673477,-2.8964767,-12.363839,-0.29415031455,-0.5485151565323055,4.141854159025399,-29.415031454999998,0.2528160200250313,-9.249403546022288,1339.1435107230752,-4.347329647733332,-1.2719918264878167,5.7799306,5.7799306,-9.7085865,-19.36014,-19.578985,-9.29958542016,0.2289660871186032,7.945610451013822,-929.958542016,0.2547112462006079,0.12681244700405234,1370.8178455480656,5.271652720434783,0.07298449165140042,14.492862,14.492862,-0.0418379978,-6.3119245,-17.164656,-0.193462162906,-0.16405510879279822,6.724360902970462,-19.346216290599997,0.2756045989163473,0.0,0.0,0.0,-3.0,0.0,0.0,0.0,0.0,0.0,0.0,0.0,0.0,0.0,0.0,0.0,0.0,0.0,-3.0,0.0,0.0,0.0,0.0,0.0,0.0,0.0,0.0,0.0,0.0,0.0,0.0,0.0,-3.0,0.0,0.0,0.0,0.0,0.0,0.0,0.0,0.0,0.0,0.0
49,0.6704062621075757,841.7494393075985,4.176867190624999,0.8355661363793638,7.4453673,7.4453673,1.09272765,-0.47840515,-14.499298,0.45369153528,-0.8021198662358664,4.108884061013421,45.369153528,0.27279040404040406,-10.328714671590909,1068.6376137699967,-5.544976894615384,-1.2822019387783163,4.9897237,4.9897237,-11.2518015,-19.159857,-19.572248,-10.0990219373,0.28026966396465,7.573156948212091,-1009.90219373,0.27474747474747474,-1.1093586778464644,1165.4663900566375,3.7662609288571436,-0.1740232531265371,12.028687,12.028687,-0.9197623500000001,-6.4873595,-13.794265,-1.05518422494,0.07484499664744204,5.568693142463766,-105.51842249399999,0.26156806156806156,0.0,0.0,0.0,-3.0,0.0,0.0,0.0,0.0,0.0,0.0,0.0,0.0,0.0,0.0,0.0,0.0,0.0,-3.0,0.0,0.0,0.0,0.0,0.0,0.0,0.0,0.0,0.0,0.0,0.0,0.0,0.0,-3.0,0.0,0.0,0.0,0.0,0.0,0.0,0.0,0.0,0.0,0.0
50,-0.19450087123425758,777.7983470318258,3.311220194117648,-0.6117395485782078,8.584199,8.584199,0.595461735,-2.6551785,-9.410031,-0.13416150480000003,-0.3207594175842138,4.239725654126773,-13.416150480000002,0.2580826789153949,-9.158539911246852,1250.4451454439425,-4.592799295333333,-1.1995376594019542,5.6401215,5.6401215,-10.297386,-19.53348,-19.578386,-9.3170855485,0.2547923584654061,7.7891204228920214,-931.70855485,0.27415617128463476,-0.26681569867506133,1512.1575366863792,4.715630235909091,0.13401298716894905,12.610227,12.610227,-0.13891113,-5.6519465,-16.65317,-0.0999591012,-0.2597443968395054,6.207675637127787,-9.99591012,0.28106251431188456,0.0,0.0,0.0,-3.0,0.0,0.0,0.0,0.0,0.0,0.0,0.0,0.0,0.0,0.0,0.0,0.0,0.0,-3.0,0.0,0.0,0.0,0.0,0.0,0.0,0.0,0.0,0.0,0.0,0.0,0.0,0.0,-3.0,0.0,0.0,0.0,0.0,0.0,0.0,0.0,0.0,0.0,0.0
51,-0.12058611672612701,608.6505478226418,3.417484988888889,0.03955945496222579,8.243807,8.243807,1.1305989,-2.738106,-10.455158,0.3244665232474227,-0.7177615612567335,3.9510848430224224,31.473252755,0.2635610395803529,-9.662849065214054,1094.1399500605119,-6.008547936857143,-1.2570477071573618,5.070855,5.070855,-11.876752,-19.5236,-19.576889,-10.023294054494846,0.3038886831053723,7.66762001883773,-972.259523286,0.2771689147762109,-0.855336269488464,1081.373905563497,3.9314403694736852,0.21940032110581775,11.86343,11.86343,-0.22588028,-5.821544,-17.880318,-0.9087447694536083,-0.17502218070554965,5.7978830786901865,-88.148242637,0.28165236051502146,0.0,0.0,0.0,-3.0,0.0,0.0,0.0,0.0,0.0,0.0,0.0,0.0,0.0,0.0,0.0,0.0,0.0,-3.0,0.0,0.0,0.0,0.0,0.0,0.0,0.0,0.0,0.0,0.0,0.0,0.0,0.0,-3.0,0.0,0.0,0.0,0.0,0.0,0.0,0.0,0.0,0.0,0.0
52,0.01339318048808345,932.0818536251329,3.725417635294118,-0.34744975302615577,7.734865,7.734865,0.8970845,-2.9572504,-11.469,-0.0055254241262135744,-0.5543485310332187,4.1610047182349605,-0.5691186849999981,0.2813805035198664,-8.99948560243915,1620.6421842387763,-4.041196276666666,-1.2757629537027089,5.256918,5.256918,-10.163864,-18.843714,-19.573746,-9.269321429902913,0.24717738348285717,7.6101051931169446,-954.74010728,0.24770114942528734,-0.41294343668428063,1564.8315716723823,4.558149936190476,-0.310152926932433,11.131452,11.131452,-0.14938934,-5.651348,-16.88893,-0.4648459605378641,-0.24419694883093562,6.30407016867306,-47.8791339354,0.23464213271515502,0.0,0.0,0.0,-3.0,0.0,0.0,0.0,0.0,0.0,0.0,0.0,0.0,0.0,0.0,0.0,0.0,0.0,-3.0,0.0,0.0,0.0,0.0,0.0,0.0,0.0,0.0,0.0,0.0,0.0,0.0,0.0,-3.0,0.0,0.0,0.0,0.0,0.0,0.0,0.0,0.0,0.0,0.0
53,-0.21215352143614308,654.8949153752266,3.5054437366666664,-0.3327062447265514,5.6501503,5.6501503,0.9288933349999999,-2.3179297,-11.33443,-0.07870781790000003,-0.6909258874319506,4.057981340293411,-7.870781790000003,0.2604745078243311,-9.333094294997476,1517.3402445766355,-5.916933108750001,-1.3548416446469969,5.821095,5.821095,-9.138570999999999,-19.403849,-19.570602,-9.1457997157,0.15604321823814296,8.075382531090389,-914.57997157,0.2535020191822312,-0.5117496496110563,1256.977057600286,3.767328313791667,0.5553584184114495,12.299473,12.299473,0.050145720500000004,-7.6582246,-17.0717,-0.52043025479,-0.23499413206398198,5.6655249303826185,-52.043025479,0.27362022547534914,0.0,0.0,0.0,-3.0,0.0,0.0,0.0,0.0,0.0,0.0,0.0,0.0,0.0,0.0,0.0,0.0,0.0,-3.0,0.0,0.0,0.0,0.0,0.0,0.0,0.0,0.0,0.0,0.0,0.0,0.0,0.0,-3.0,0.0,0.0,0.0,0.0,0.0,0.0,0.0,0.0,0.0,0.0
54,0.6280365516135791,788.5613716622258,3.5009276473684214,0.07992260480372826,7.3480697,7.3480697,0.9540410699999999,-2.1646485,-11.126962,0.37825590503,-0.6631645533167666,3.8926238377688516,37.825590503,0.25853503015489254,-9.063219843008582,1234.8408692034845,-4.195874533333334,-1.0294076918503312,6.361022,6.361022,-9.804686,-19.535276,-19.580782,-9.4003947123,0.2578959263592075,7.216997582426125,-940.03947123,0.2771664142688878,-0.3538639681373047,1522.765421340394,3.518698672045454,-0.23537253401120406,13.43127,13.43127,-1.029559,-5.6338344,-15.9613085,-0.98670464675,-0.01421801224895695,6.4490537648062505,-98.670464675,0.2573080629617732,0.0,0.0,0.0,-3.0,0.0,0.0,0.0,0.0,0.0,0.0,0.0,0.0,0.0,0.0,0.0,0.0,0.0,-3.0,0.0,0.0,0.0,0.0,0.0,0.0,0.0,0.0,0.0,0.0,0.0,0.0,0.0,-3.0,0.0,0.0,0.0,0.0,0.0,0.0,0.0,0.0,0.0,0.0
55,-0.5589564166968171,661.9558720787377,4.16327481482353,-0.6518412462008008,7.590565,7.590565,-0.135168924,-0.6734496,-10.946736,-0.16046030337999997,-0.41028218522824905,3.9881181359847444,-16.046030337999998,0.26573135570549594,-9.661525365123799,1438.6309863338993,-6.225956131249999,-1.3192120475617604,2.6319768,2.6319768,-10.851758499999999,-18.564695,-19.467766,-9.6223382189,0.1550170323632199,6.982668435385561,-962.23382189,0.2886243052046488,-0.5056531805785734,1028.3780850840321,4.516699211111111,0.07883224702614777,12.308904,12.308904,-0.230595475,-6.4752345,-15.679744,-0.6975150003,-0.20732162995054207,5.715208168197481,-69.75150003,0.284206389309977,0.0,0.0,0.0,-3.0,0.0,0.0,0.0,0.0,0.0,0.0,0.0,0.0,0.0,0.0,0.0,0.0,0.0,-3.0,0.0,0.0,0.0,0.0,0.0,0.0,0.0,0.0,0.0,0.0,0.0,0.0,0.0,-3.0,0.0,0.0,0.0,0.0,0.0,0.0,0.0,0.0,0.0,0.0
56,0.5759600299598283,640.1810486480114,4.477309413333333,-0.7168555439819202,8.319999,8.319999,1.1201207000000002,1.0310559,-8.774154,0.54009786366,-0.21783660673569866,3.918516665276676,54.009786366,0.2470608051204312,-10.211290534747347,1142.1855101297858,-5.455138005000001,-1.0407311754016484,1.2617263,1.2617263,-10.895093500000002,-14.942227,-19.312988,-10.1265976208,0.17244820846628947,5.714349341685306,-1012.65976208,0.27972280372482494,-1.4096673568926215,1353.0659538084892,2.63743643368421,-0.3277280307327577,10.215057,10.215057,-0.38791831499999996,-7.772437,-14.407839,-1.11543245457,-0.26541476013230586,5.2466648638524305,-111.543245457,0.2568814659184596,0.0,0.0,0.0,-3.0,0.0,0.0,0.0,0.0,0.0,0.0,0.0,0.0,0.0,0.0,0.0,0.0,0.0,-3.0,0.0,0.0,0.0,0.0,0.0,0.0,0.0,0.0,0.0,0.0,0.0,0.0,0.0,-3.0,0.0,0.0,0.0,0.0,0.0,0.0,0.0,0.0,0.0,0.0
57,-0.7871200095281294,985.6731968972573,3.602618326666667,-0.1481921909787025,8.735834,8.735834,-0.105755082,-1.6799566,-9.617201,-0.42013432912,-0.422212752344615,4.007294977708432,-42.013432912,0.252204764318297,-9.604121190519514,1321.3445928742888,-4.134552224615385,-1.1453663172458373,4.9177237,4.9177237,-10.430011,-17.333805,-19.581081,-9.709671095300001,0.2184199790705488,6.865330150798177,-970.96710953,0.26605325743693714,-0.6920393591865183,1711.415115956066,4.689569417619047,-0.28760560318873374,11.318114,11.318114,-0.9363778,-1.875001,-14.986236,-0.8733453492,-0.215853638696007,5.660200839931603,-87.33453492,0.26597156855646464,0.0,0.0,0.0,-3.0,0.0,0.0,0.0,0.0,0.0,0.0,0.0,0.0,0.0,0.0,0.0,0.0,0.0,-3.0,0.0,0.0,0.0,0.0,0.0,0.0,0.0,0.0,0.0,0.0,0.0,0.0,0.0,-3.0,0.0,0.0,0.0,0.0,0.0,0.0,0.0,0.0,0.0,0.0
58,0.27784208587113396,582.6711446299832,3.753770424117647,-0.5777661930472124,8.452622,8.452622,0.46253815,-1.8486557,-8.171207,0.17304475995918367,-0.2581371866936093,4.007436088395592,16.958386476,0.2793511218920558,-10.064312901126288,1020.6068467341495,-5.497478569285714,-0.9679323293993027,6.2530966,6.2530966,-11.155552,-18.382822,-19.58093,-10.113365583367347,0.37338784997091146,7.196161377938859,-991.10982717,0.2812960235640648,-0.6672472602603102,1240.360054612305,3.438035610000001,-0.10164974594583365,12.417428,12.417428,-1.21584665,-6.632707,-17.480648,-0.9716982127142857,-0.05575472295135424,6.084186315515082,-95.226424846,0.24775773195876288,0.0,0.0,0.0,-3.0,0.0,0.0,0.0,0.0,0.0,0.0,0.0,0.0,0.0,0.0,0.0,0.0,0.0,-3.0,0.0,0.0,0.0,0.0,0.0,0.0,0.0,0.0,0.0,0.0,0.0,0.0,0.0,-3.0,0.0,0.0,0.0,0.0,0.0,0.0,0.0,0.0,0.0,0.0
59,-0.5393228075371412,912.6749409183257,3.2587850535294116,-0.6620143914637766,8.252789,8.252789,0.32924032999999997,-3.2939003,-9.599837,-0.25861516527450984,-0.28002143860466067,4.015279728840151,-26.378746858000003,0.2525636833813869,-9.305981907640223,1326.954555556468,-3.440049878571429,-0.9488730542317523,6.186934,6.186934,-10.255773,-18.661243,-19.579884,-9.413214803343138,0.3066553808687185,7.485329393707097,-960.147909941,0.2748141196852667,-0.15887262301162067,1366.4535132513195,6.511301810526316,-0.07941768088892331,15.599212,15.599212,-0.03772154999999999,-7.627239,-17.321829,-0.285377127254902,-0.17207862583872252,6.678492873916523,-29.108466980000003,0.250472061913247,0.0,0.0,0.0,-3.0,0.0,0.0,0.0,0.0,0.0,0.0,0.0,0.0,0.0,0.0,0.0,0.0,0.0,-3.0,0.0,0.0,0.0,0.0,0.0,0.0,0.0,0.0,0.0,0.0,0.0,0.0,0.0,-3.0,0.0,0.0,0.0,0.0,0.0,0.0,0.0,0.0,0.0,0.0
60,0.8942599738667345,1043.8157857311996,3.8187353764705882,-0.19694440528066837,8.900791,8.900791,1.42818,-3.4623,-9.719289,0.49551006810000003,-0.6442095900780589,4.217731225479185,49.551006810000004,0.2661757282418268,-10.47091127651691,1216.706416031177,-3.359518497272728,-1.2016313065692916,4.979545,4.979545,-11.393557,-15.086228,-19.581081,-10.2187505543,0.32932539850831527,7.515793276204596,-1021.87505543,0.2763526226423753,-1.0060403236708724,2013.4535647306525,3.3450743252173907,-0.05293577695828677,11.968661,11.968661,-1.1715388,-5.8329206,-16.423996,-0.97818134952,-0.2102703407250262,5.7108711472528455,-97.818134952,0.27708886596580556,0.0,0.0,0.0,-3.0,0.0,0.0,0.0,0.0,0.0,0.0,0.0,0.0,0.0,0.0,0.0,0.0,0.0,-3.0,0.0,0.0,0.0,0.0,0.0,0.0,0.0,0.0,0.0,0.0,0.0,0.0,0.0,-3.0,0.0,0.0,0.0,0.0,0.0,0.0,0.0,0.0,0.0,0.0
61,-0.5702700025151511,1275.2185441043289,4.350668253846154,-0.7626354853576394,8.709938,8.709938,0.8601114,-2.4792943,-9.3381815,-0.055437194199999984,-0.1794003823798794,4.596683833841583,-5.543719419999998,0.28038073038073036,-8.956146167699496,2765.751959086661,-3.236836859285714,-1.1706071254579744,6.9865713,6.9865713,-10.43016075,-15.293547,-19.581081,-9.7013544045,0.35223719873509846,8.051336549785926,-970.13544045,0.2686868686868687,0.10697516377272517,2421.9851966361243,5.314888515454545,-0.16093043648358885,13.631852,13.631852,-0.50130755,-3.9016366,-17.71042,-0.4079571379,-0.2419958778593035,6.325786223554618,-40.79571379,0.26678145087235994,0.0,0.0,0.0,-3.0,0.0,0.0,0.0,0.0,0.0,0.0,0.0,0.0,0.0,0.0,0.0,0.0,0.0,-3.0,0.0,0.0,0.0,0.0,0.0,0.0,0.0,0.0,0.0,0.0,0.0,0.0,0.0,-3.0,0.0,0.0,0.0,0.0,0.0,0.0,0.0,0.0,0.0,0.0
62,0.2721935551721346,937.5432878268175,3.8392062999999994,1.8138686727901296,8.534652,8.534652,1.15544725,1.4539266,-15.636634,0.07634873035999998,-0.9699726161320641,4.040551359620554,7.6348730359999974,0.27158001009591115,-10.72088850492428,1360.1032926653877,-2.500046589090909,-1.3048733937577082,5.1889596,5.1889596,-10.9334885,-15.568226,-19.581081,-9.6079875923,0.22491283507657267,7.857959580680402,-960.79875923,0.25698682942499196,-1.0454722561024747,1668.8337012288223,3.5384780872727273,0.4262709908376441,11.559262,11.559262,-0.50939072,-7.3845935,-16.825312,-0.94368407102,-0.405680784919283,5.604813160869218,-94.36840710199999,0.2703180212014134,0.0,0.0,0.0,-3.0,0.0,0.0,0.0,0.0,0.0,0.0,0.0,0.0,0.0,0.0,0.0,0.0,0.0,-3.0,0.0,0.0,0.0,0.0,0.0,0.0,0.0,0.0,0.0,0.0,0.0,0.0,0.0,-3.0,0.0,0.0,0.0,0.0,0.0,0.0,0.0,0.0,0.0,0.0
63,0.011778362186868185,801.5652514007626,3.5333367875000006,-0.18914040081966466,10.01687,10.01687,0.6257737000000001,-3.5191817,-11.104808,-0.0753877434,-0.3878768842132326,4.365820265826761,-7.53877434,0.2646780303030303,-10.07490311759798,996.7198187393802,-3.434083752857142,-1.0908867856624767,6.2017536,6.2017536,-11.7719705,-15.131733,-19.581081,-9.82914211692,0.4001350149131385,7.863154533465474,-982.914211692,0.2545454545454546,-0.9899035583888874,1284.1169811478564,3.9288797791304355,-0.3627132648110756,12.20502,12.20502,-0.12087364,-5.170099,-17.288448,-0.71667666989,-0.23455217177309218,6.221987044318314,-71.667666989,0.264580588493632,0.0,0.0,0.0,-3.0,0.0,0.0,0.0,0.0,0.0,0.0,0.0,0.0,0.0,0.0,0.0,0.0,0.0,-3.0,0.0,0.0,0.0,0.0,0.0,0.0,0.0,0.0,0.0,0.0,0.0,0.0,0.0,-3.0,0.0,0.0,0.0,0.0,0.0,0.0,0.0,0.0,0.0,0.0
64,0.004076308548712583,1182.3544399199386,3.7874944411764706,-0.6742812042240476,8.888367,8.888367,0.943562875,-4.3887234,-10.746452,-0.053880441699999976,-0.4089186276051691,4.51874739802253,-5.388044169999998,0.2521602280488167,-8.484775214988616,1395.776929941796,-2.011878795,-1.2463592974887898,6.6265697,6.6265697,-9.531803,-15.620018,-19.581081,-9.199103841583,0.21187022547351095,8.163819972179574,-919.9103841583,0.2704442200908632,-0.036807329954568806,1404.0011662692677,3.4813040695652178,0.3496795022735011,12.030183,12.030183,-0.43619293,-6.6301627,-17.081429,-0.6250357192,-0.28420447417501826,5.5690356848853275,-62.50357192,0.27537695059587824,0.0,0.0,0.0,-3.0,0.0,0.0,0.0,0.0,0.0,0.0,0.0,0.0,0.0,0.0,0.0,0.0,0.0,-3.0,0.0,0.0,0.0,0.0,0.0,0.0,0.0,0.0,0.0,0.0,0.0,0.0,0.0,-3.0,0.0,0.0,0.0,0.0,0.0,0.0,0.0,0.0,0.0,0.0
65,0.31054002595783425,722.342186108962,3.9543093411764714,-0.3066954789647496,11.764485,11.764485,0.83159568,-3.5727704,-10.181976,0.3908507197,-0.1454897154396266,4.624718290544584,39.08507197,0.2357228159353278,-10.154258061379489,883.2148061479006,-3.9227746642857144,-1.1879796885385867,6.550079,6.550079,-10.9215885,-15.970589,-19.580782,-9.9096612592,0.2900725729287325,7.708248228100364,-990.96612592,0.2643712352197516,-1.010973034368298,1449.1095918030803,4.405046076478261,-0.2509206732530336,13.889466,13.889466,-0.0056133269999999996,-6.0141935,-17.72524,-0.7571375577499999,-0.19110725951675636,6.522192137613799,-75.713755775,0.24937193038046307,0.0,0.0,0.0,-3.0,0.0,0.0,0.0,0.0,0.0,0.0,0.0,0.0,0.0,0.0,0.0,0.0,0.0,-3.0,0.0,0.0,0.0,0.0,0.0,0.0,0.0,0.0,0.0,0.0,0.0,0.0,0.0,-3.0,0.0,0.0,0.0,0.0,0.0,0.0,0.0,0.0,0.0,0.0
66,0.19756761895079392,868.5273802602982,3.777720526823529,-0.2630563328516029,9.503886,9.503886,0.539553,-4.4210563,-11.474389,0.05900128525999997,-0.34868913538195057,4.404704119402902,5.900128525999997,0.22446311858076565,-9.656774416121694,1073.276108490412,-2.0378486054545455,-1.2010715171866357,7.4467144,7.4467144,-10.208097500000001,-15.878381,-19.581081,-9.6252810949,0.32203238100525966,8.305715207301748,-962.52810949,0.2757094757094757,-0.3562638091140218,1123.9360750784072,4.522817472727273,0.3971888609919514,11.409873,11.409873,-0.053064650500000005,-6.3081822,-16.293766,-0.23373593371000004,-0.3867921767514874,5.507590389919338,-23.373593371000002,0.2271043771043771,0.0,0.0,0.0,-3.0,0.0,0.0,0.0,0.0,0.0,0.0,0.0,0.0,0.0,0.0,0.0,0.0,0.0,-3.0,0.0,0.0,0.0,0.0,0.0,0.0,0.0,0.0,0.0,0.0,0.0,0.0,0.0,-3.0,0.0,0.0,0.0,0.0,0.0,0.0,0.0,0.0,0.0,0.0
67,0.25066575763636284,934.000704005839,3.80168184375,-0.32986784505544886,11.192375,11.192375,0.90995775,-4.584367,-10.994637,0.3609459196,-0.03557266667812259,4.649849738745698,36.09459196,0.265625,-9.909680166136363,1294.0440982274865,-4.459572433076923,-1.0160931682600423,6.88628,6.88628,-10.651250999999998,-16.179554,-19.581081,-10.0852057157,0.36046087031999596,7.588410723527122,-1008.52057157,0.26895881895881896,-0.7318229490454534,1148.1107669424612,4.018725665217391,-0.23783706175246433,11.633957,11.633957,-0.20761825500000003,-8.909173,-15.611336,-0.5829656990000001,-0.35064332529475606,6.3398422579224984,-58.2965699,0.26253842775581904,0.0,0.0,0.0,-3.0,0.0,0.0,0.0,0.0,0.0,0.0,0.0,0.0,0.0,0.0,0.0,0.0,0.0,-3.0,0.0,0.0,0.0,0.0,0.0,0.0,0.0,0.0,0.0,0.0,0.0,0.0,0.0,-3.0,0.0,0.0,0.0,0.0,0.0,0.0,0.0,0.0,0.0,0.0
68,-0.23585994298283733,871.4402850925686,3.9746658312499994,0.8012123897479855,10.566526,10.566526,0.69934572,-2.1318667,-15.494579,0.06807093182999997,-0.4952063460631178,4.348622951566096,6.807093182999997,0.2466241797072186,-9.534298170406357,1109.0600280464512,-3.033384452307693,-1.2510894180008556,7.5823326,7.5823326,-9.791438750000001,-19.48064,-19.581081,-9.1619286215,0.227868347323299,8.37843335400966,-916.19286215,0.2673863239234264,-0.5469490444815742,1514.6965579198234,4.282652843913043,0.11036691651214836,12.304413,12.304413,0.0255219265,-7.2335577,-14.996116,-0.55899308822,-0.1309398784021323,5.858230962493524,-55.899308822,0.26100125101507804,0.0,0.0,0.0,-3.0,0.0,0.0,0.0,0.0,0.0,0.0,0.0,0.0,0.0,0.0,0.0,0.0,0.0,-3.0,0.0,0.0,0.0,0.0,0.0,0.0,0.0,0.0,0.0,0.0,0.0,0.0,0.0,-3.0,0.0,0.0,0.0,0.0,0.0,0.0,0.0,0.0,0.0,0.0
69,0.09211125426868648,1091.168629311891,3.6948415475,0.5137309751250965,9.682915,9.682915,0.98996635,-4.4242,-14.485078,0.1783037338877551,-0.5210384180332057,4.628408539433755,17.473765921000002,0.27121212121212124,-9.48397296842172,1870.4036179448306,-3.666751935384615,-1.0895946731574426,7.458091,7.458091,-10.530825499999999,-14.576838,-19.581081,-9.641077795510204,0.30387315232067685,7.6426802299382075,-944.82562396,0.26655011655011657,-1.7361952191363652,1833.007153243685,4.320758470000001,-0.17531284549871495,12.30621,12.30621,-0.458795935,-6.827452,-17.620607,-0.745860703877551,-0.19278590416511307,6.63674761544018,-73.09434897999999,0.26486605182257356,0.0,0.0,0.0,-3.0,0.0,0.0,0.0,0.0,0.0,0.0,0.0,0.0,0.0,0.0,0.0,0.0,0.0,-3.0,0.0,0.0,0.0,0.0,0.0,0.0,0.0,0.0,0.0,0.0,0.0,0.0,0.0,-3.0,0.0,0.0,0.0,0.0,0.0,0.0,0.0,0.0,0.0,0.0
70,-0.17001784870404002,784.5866842702609,4.21556180625,-0.8124498691158166,9.893526,9.893526,0.983903925,-5.5483623,-9.2730665,0.026259890549999994,-0.11350737530080501,4.62191525922876,2.6259890549999994,0.2773358585858586,-9.57872072522727,1378.2044195053315,-2.3703073363636364,-1.201745037384341,6.576574,6.576574,-11.048749,-15.704144,-19.58093,-9.7580011317,0.3289079792906853,8.198968481233365,-975.80011317,0.2775482093663912,-0.2520601365909094,1169.6510282288502,3.6361537934782606,0.44804065426954587,12.23361,12.23361,0.046852567,-6.628067,-17.743801,-0.67792226856,-0.44489358490145664,6.0677042808173685,-67.792226856,0.25303030303030305,0.0,0.0,0.0,-3.0,0.0,0.0,0.0,0.0,0.0,0.0,0.0,0.0,0.0,0.0,0.0,0.0,0.0,-3.0,0.0,0.0,0.0,0.0,0.0,0.0,0.0,0.0,0.0,0.0,0.0,0.0,0.0,-3.0,0.0,0.0,0.0,0.0,0.0,0.0,0.0,0.0,0.0,0.0
71,0.09610836700710249,837.0446579253334,3.8079407375000005,-0.3395806944607038,10.673854,10.673854,1.27916495,-4.946763,-9.624086,0.36241137796,-0.07562682444382796,4.531250627308775,36.241137796,0.25107813292744796,-9.887128450757737,1473.8426168490287,-3.542729054076923,-1.1923067011935626,6.7579966,6.7579966,-10.8258625,-15.049255,-19.581081,-9.70395595563,0.2729691367551495,7.746025340130076,-970.395595563,0.2821683643601452,-0.34528640825469276,1363.662366113845,4.495458547727272,-0.10485263526068245,12.770095,12.770095,0.028141480000000003,-5.8713903,-17.28291,-0.3444142621,-0.25170923629861564,6.227705069752288,-34.441426209999996,0.25480835754808356,0.0,0.0,0.0,-3.0,0.0,0.0,0.0,0.0,0.0,0.0,0.0,0.0,0.0,0.0,0.0,0.0,0.0,-3.0,0.0,0.0,0.0,0.0,0.0,0.0,0.0,0.0,0.0,0.0,0.0,0.0,0.0,-3.0,0.0,0.0,0.0,0.0,0.0,0.0,0.0,0.0,0.0,0.0
72,0.21474254861862657,1153.3592136492605,3.8434604882352943,0.013699534686563819,9.207204,9.207204,0.5348377799999999,-1.5166461,-11.952045,-0.09701506173469386,-0.649839293639324,4.2689046252443665,-9.507476049999998,0.2691436616269817,-9.371748996646723,956.4745508893486,-2.937491470833333,-1.21547049434176,7.2018237,7.2018237,-10.57954975,-18.895805,-19.581081,-9.478019400918367,0.3000016325821475,8.20472301262213,-928.84590129,0.26105619146722164,-1.110402311478929,1434.7098879624486,4.045150584,0.36043463985377144,13.295053,13.295053,-0.45460466,-6.1099944,-18.104252,-0.8527445696428572,-0.329902452250638,6.002572083480674,-83.568967825,0.2666233090530697,0.0,0.0,0.0,-3.0,0.0,0.0,0.0,0.0,0.0,0.0,0.0,0.0,0.0,0.0,0.0,0.0,0.0,-3.0,0.0,0.0,0.0,0.0,0.0,0.0,0.0,0.0,0.0,0.0,0.0,0.0,0.0,-3.0,0.0,0.0,0.0,0.0,0.0,0.0,0.0,0.0,0.0,0.0
73,0.47346450874593593,621.555499845386,4.133620794444445,-0.3931141170218062,10.893597,10.893597,1.9422111499999999,-3.688779,-9.31947,0.5540757385882353,-0.21713093201443198,4.450166703760069,56.515725336,0.266796522131888,-9.76256266280996,1547.8893517816991,-3.927762945384615,-1.0416711996584815,6.060447,6.060447,-10.3181935,-14.795682,-19.581081,-10.025575196764706,0.33840997373710197,7.4966305095702745,-1022.60867007,0.26848811757348345,-0.6130953002362797,812.417128421169,4.519976656000001,0.04315191396330631,13.932577,13.932577,0.38634659,-4.700226,-17.33635,-0.3780432715196078,-0.3363073362288574,6.11690379704637,-38.560413695,0.24420731707317073,0.0,0.0,0.0,-3.0,0.0,0.0,0.0,0.0,0.0,0.0,0.0,0.0,0.0,0.0,0.0,0.0,0.0,-3.0,0.0,0.0,0.0,0.0,0.0,0.0,0.0,0.0,0.0,0.0,0.0,0.0,0.0,-3.0,0.0,0.0,0.0,0.0,0.0,0.0,0.0,0.0,0.0,0.0
74,-0.0454848611268306,1106.2107970065301,3.5949683252941176,0.21565132722916003,10.730885,10.730885,-0.040865017000000003,-2.6438022,-13.808036,-0.32870894104,-0.394308850224375,4.537396479593939,-32.870894103999994,0.2702493832297952,-9.165127663850427,1131.8207095793084,-1.993190825714286,-1.129929794214744,6.698271,6.698271,-10.5362895,-12.949721,-19.581081,-9.281359331,0.2951594734023603,8.009671887597866,-928.1359331,0.2754277051902115,-0.14319758905760543,1171.535264574511,4.222898436,-0.09657802137129678,14.610068,14.610068,0.199460215,-8.068971,-16.387772,-0.22749543699999997,-0.25850168716726835,6.406173091362707,-22.749543699999997,0.2541687721071248,0.0,0.0,0.0,-3.0,0.0,0.0,0.0,0.0,0.0,0.0,0.0,0.0,0.0,0.0,0.0,0.0,0.0,-3.0,0.0,0.0,0.0,0.0,0.0,0.0,0.0,0.0,0.0,0.0,0.0,0.0,0.0,-3.0,0.0,0.0,0.0,0.0,0.0,0.0,0.0,0.0,0.0,0.0
75,0.33973472840736924,594.2296639026537,4.040750223529412,1.239884858862145,7.730375,7.730375,1.3507162,0.6010002,-15.557898,0.5433790298,-0.8882025431159296,4.191736191442068,54.337902979999996,0.26540368797695757,-10.217173729656738,1279.7439273313475,-3.6007247749999998,-1.053329817623597,6.098618,6.098618,-10.692116,-13.47408,-19.580782,-10.103112991,0.3348972360107142,7.5055294728867805,-1010.3112991,0.2708228167592125,-0.6902297631877827,938.0025646308508,3.5101120554545457,0.0786575624029413,13.960419,13.960419,-0.843945,-6.0032663,-16.296162,-0.92028326536,0.2011361982482379,5.901936390254184,-92.028326536,0.2587536138772888,0.0,0.0,0.0,-3.0,0.0,0.0,0.0,0.0,0.0,0.0,0.0,0.0,0.0,0.0,0.0,0.0,0.0,-3.0,0.0,0.0,0.0,0.0,0.0,0.0,0.0,0.0,0.0,0.0,0.0,0.0,0.0,-3.0,0.0,0.0,0.0,0.0,0.0,0.0,0.0,0.0,0.0,0.0
76,-0.27581753560797045,1083.533312369733,3.988861011764706,-0.08194654358831466,10.442136,10.442136,0.7661068499999999,-2.2420378,-12.498858,0.02349364540999999,-0.452118447669076,4.675653097487295,2.349364540999999,0.2777052294177005,-8.670743658466197,1390.8613280544068,-2.9928334642857144,-1.0701249057797606,7.5100327,7.5100327,-9.4000025,-15.203733,-19.58093,-9.166687303,0.30987472255743775,7.919682480269517,-916.6687303,0.27540723655758975,-0.08315241659434937,1653.442710359204,4.145572975833333,0.4234677484689988,13.12815,13.12815,0.144000545,-5.559589,-18.176102,-0.21501136730000003,-0.2588907302565808,6.240234432053514,-21.501136730000002,0.27306172216616215,0.0,0.0,0.0,-3.0,0.0,0.0,0.0,0.0,0.0,0.0,0.0,0.0,0.0,0.0,0.0,0.0,0.0,-3.0,0.0,0.0,0.0,0.0,0.0,0.0,0.0,0.0,0.0,0.0,0.0,0.0,0.0,-3.0,0.0,0.0,0.0,0.0,0.0,0.0,0.0,0.0,0.0,0.0
77,0.11839016911616203,801.5555310701726,3.2175747789473688,1.4717570975635503,8.344098,8.344098,1.4024336499999999,-5.4447775,-15.5938225,0.35264417381,-0.8692208901702987,4.002644652287122,35.264417381,0.25422647527910686,-9.787419172979797,1140.8132093465788,-5.3050720230769235,-1.1791692939765888,6.647676,6.647676,-9.7293925,-19.563868,-19.581081,-9.911842224599999,0.27011117995041956,7.6942470334941655,-991.18422246,0.2612665112665113,-0.7350717328732318,1235.0371865818076,3.5933401691666673,0.22433738335830844,15.343244,15.343244,-0.1118923135,-7.1159024,-18.44225,-0.65510068965,-0.11810752590192833,6.082755307455608,-65.510068965,0.2802188552188552,0.0,0.0,0.0,-3.0,0.0,0.0,0.0,0.0,0.0,0.0,0.0,0.0,0.0,0.0,0.0,0.0,0.0,-3.0,0.0,0.0,0.0,0.0,0.0,0.0,0.0,0.0,0.0,0.0,0.0,0.0,0.0,-3.0,0.0,0.0,0.0,0.0,0.0,0.0,0.0,0.0,0.0,0.0
78,-0.2535740944555557,776.8869853723871,4.363415528571429,-0.06867397639151829,7.0013905,7.0013905,0.74148307,1.5594571,-12.114159,-0.015284718810000006,-0.6317687599682703,4.050399981391626,-1.5284718810000006,0.26511544011544014,-9.498835126292928,1296.2456882350466,-6.744665658235294,-1.1652051637130492,5.47247,5.47247,-11.5073945,-19.362835,-19.551443,-9.81045955107,0.38356388387084245,7.524420835344639,-981.045955107,0.2685383244206774,-0.6552525572171721,1499.3350360329391,3.3432635204545447,0.1828145509600838,11.273208,11.273208,-0.40685393999999997,-6.6749196,-17.532291,-0.6888764741,-0.38646766627218265,5.993231461225691,-68.88764741,0.26460055096418733,0.0,0.0,0.0,-3.0,0.0,0.0,0.0,0.0,0.0,0.0,0.0,0.0,0.0,0.0,0.0,0.0,0.0,-3.0,0.0,0.0,0.0,0.0,0.0,0.0,0.0,0.0,0.0,0.0,0.0,0.0,0.0,-3.0,0.0,0.0,0.0,0.0,0.0,0.0,0.0,0.0,0.0,0.0
79,0.4257167015462353,715.5389921679857,3.5906768812499994,-0.20418050625361817,6.3882656,6.3882656,1.07730975,-2.92866,-9.697285,0.2200094977,-0.6040716180013965,3.4614969924883954,22.00094977,0.2602008590197069,-9.964713302622537,1305.1732222567427,-7.660011030666667,-1.1349879052344778,6.077362,6.077362,-10.603201,-18.90898,-19.568357,-10.0719118921,0.2679586952359847,7.228746831429949,-1007.19118921,0.28219639548593567,-1.0470487000485085,863.949364922716,3.2642892159090904,0.19105076927182152,10.229129,10.229129,-0.522413635,-6.8014064,-17.67315,-0.7934954106400001,-0.43364877544678365,5.223622875117581,-79.34954106400001,0.27286508337544213,0.0,0.0,0.0,-3.0,0.0,0.0,0.0,0.0,0.0,0.0,0.0,0.0,0.0,0.0,0.0,0.0,0.0,-3.0,0.0,0.0,0.0,0.0,0.0,0.0,0.0,0.0,0.0,0.0,0.0,0.0,0.0,-3.0,0.0,0.0,0.0,0.0,0.0,0.0,0.0,0.0,0.0,0.0
80,-0.1951482132386666,645.4212074740433,3.5097046750000005,0.09795310622603104,6.9805837,6.9805837,0.6093828,-1.4941928,-11.220517,-0.06023041391752577,-0.7087961641197397,3.7983013561908385,-5.84235015,0.25185643564356436,-9.62576932444242,1252.0609259528576,-6.121423431176471,-1.1399034561507544,5.096302,5.096302,-9.83395,-19.231857,-19.503542,-9.540955432680413,0.2947000591859651,7.381789072928728,-925.47267697,0.2584679520583637,-0.0035483087420535853,1093.1721515791794,4.166148895124999,0.08416562548936923,12.542118,12.542118,-0.5542973,-5.7892113,-16.527132,-0.44522209594845363,-0.29602821137668595,6.374404514930841,-43.186543307,0.2718429737710613,0.0,0.0,0.0,-3.0,0.0,0.0,0.0,0.0,0.0,0.0,0.0,0.0,0.0,0.0,0.0,0.0,0.0,-3.0,0.0,0.0,0.0,0.0,0.0,0.0,0.0,0.0,0.0,0.0,0.0,0.0,0.0,-3.0,0.0,0.0,0.0,0.0,0.0,0.0,0.0,0.0,0.0,0.0
81,-0.034887515170460646,831.8795306776095,3.725030258235294,0.8407164004389189,6.4969397,6.4969397,1.0162368,-0.23740631,-14.34497,0.08818408676699027,-0.9223793312801284,3.82480366013601,9.082960936999998,0.25094468743491327,-9.574398137142133,1281.6417162987727,-7.543832482666667,-1.237216052059828,4.5369153,4.5369153,-10.183623,-19.065702,-19.58093,-9.579207569902913,0.21410011106339577,7.456059776762516,-986.6583797,0.22279548136907773,-0.5834317485220027,1251.5566409701285,3.075769828181818,0.6958213049547988,13.46944,13.46944,-0.40415955,-7.110214,-18.319504,-0.9634242320776699,-0.38761311997693776,5.457027490319393,-99.232695904,0.23545776428932727,0.0,0.0,0.0,-3.0,0.0,0.0,0.0,0.0,0.0,0.0,0.0,0.0,0.0,0.0,0.0,0.0,0.0,-3.0,0.0,0.0,0.0,0.0,0.0,0.0,0.0,0.0,0.0,0.0,0.0,0.0,0.0,-3.0,0.0,0.0,0.0,0.0,0.0,0.0,0.0,0.0,0.0,0.0
82,0.5432766915338216,657.1715467900849,4.1771012625,-0.6960501236477645,8.181986,8.181986,0.898282,-3.4566119,-7.9131446,0.290460494681,-0.31079152942769145,3.9512696973617847,29.046049468099998,0.2626198889449773,-10.360500873297575,1024.6250389017387,-6.8135779125,-1.1140755511131486,5.249733,5.249733,-10.715242499999999,-18.569035,-19.402653,-10.16534752005,0.3530513859027215,7.141849705943325,-1016.534752005,0.25501640585562846,-0.3158021338667353,1321.7843381933326,4.406373254545455,-0.012590388434338351,13.032798,13.032798,-0.307984545,-5.7062836,-18.1532,-0.5627922014,-0.3268239665503667,6.422856522208282,-56.27922013999999,0.25315497223624434,0.0,0.0,0.0,-3.0,0.0,0.0,0.0,0.0,0.0,0.0,0.0,0.0,0.0,0.0,0.0,0.0,0.0,-3.0,0.0,0.0,0.0,0.0,0.0,0.0,0.0,0.0,0.0,0.0,0.0,0.0,0.0,-3.0,0.0,0.0,0.0,0.0,0.0,0.0,0.0,0.0,0.0,0.0
83,-0.10552781068541137,873.3626763864592,3.256675100526316,-0.4082738554035146,7.047345,7.047345,0.717607705,-2.2477257,-9.6968355,-0.031111294716000007,-0.514934778171286,3.7661392552391035,-3.111129471600001,0.24285979967586813,-9.435626392929834,1096.7050071486062,-7.259075188235294,-1.3189813833973583,5.297484,5.297484,-9.80206625,-19.46552,-19.555334,-9.44844485698,0.21630459720778794,7.827778323652641,-944.844485698,0.2748166404370936,-0.27512449399798256,1023.7433133454739,3.6004271100000005,0.5778873468579828,12.043955,12.043955,-0.13172608,-6.764134,-17.19115,-0.44428809519999996,-0.30216655426247496,5.663128306310585,-44.428809519999994,0.2788634888584409,0.0,0.0,0.0,-3.0,0.0,0.0,0.0,0.0,0.0,0.0,0.0,0.0,0.0,0.0,0.0,0.0,0.0,-3.0,0.0,0.0,0.0,0.0,0.0,0.0,0.0,0.0,0.0,0.0,0.0,0.0,0.0,-3.0,0.0,0.0,0.0,0.0,0.0,0.0,0.0,0.0,0.0,0.0
84,0.025065875679980008,607.0492642855675,3.6918257235294107,-0.44394859355150107,7.923922,7.923922,1.32482005,-4.183201,-10.632989,0.36137851649999997,-0.5445587083590936,4.153008494247144,36.13785165,0.25066912508178196,-9.986664232295245,1204.047566806255,-6.534920546666666,-1.104494097194648,6.326444,6.326444,-10.7016955,-19.39891,-19.581081,-10.0846563004,0.3337562192775532,7.393919790516368,-1008.46563004,0.26717222783956857,-0.480242476216886,1450.1221992821306,3.8855539128,0.011318817767877576,13.024715,13.024715,-0.261431355,-7.6164613,-18.309626,-0.59310266524,-0.22953203728962762,6.5240455413909695,-59.310266524000006,0.2591304347826087,0.0,0.0,0.0,-3.0,0.0,0.0,0.0,0.0,0.0,0.0,0.0,0.0,0.0,0.0,0.0,0.0,0.0,-3.0,0.0,0.0,0.0,0.0,0.0,0.0,0.0,0.0,0.0,0.0,0.0,0.0,0.0,-3.0,0.0,0.0,0.0,0.0,0.0,0.0,0.0,0.0,0.0,0.0
85,-0.021897772486103237,802.3019898072492,3.839656034375,-0.2620856698093079,8.468789,8.468789,0.756901,-1.4194981,-11.167976,-0.09013955039999999,-0.5601536272595047,4.068076942757399,-9.013955039999999,0.2607377463365336,-9.61731960178878,1187.905220483684,-4.447839928571427,-1.2127321027928444,5.496121,5.496121,-9.989327,-19.176771,-19.529438,-9.4956851333,0.2697653774381198,7.7669985074010395,-949.56851333,0.2779903270049809,-0.36171058014401086,1136.6366121677722,4.0845820908695645,0.788759221399947,16.015495,16.015495,0.034353560500000005,-6.1676245,-18.755697,-0.41534879118999996,-0.34287048923733476,6.164989919531271,-41.534879118999996,0.26713096205813214,0.0,0.0,0.0,-3.0,0.0,0.0,0.0,0.0,0.0,0.0,0.0,0.0,0.0,0.0,0.0,0.0,0.0,-3.0,0.0,0.0,0.0,0.0,0.0,0.0,0.0,0.0,0.0,0.0,0.0,0.0,0.0,-3.0,0.0,0.0,0.0,0.0,0.0,0.0,0.0,0.0,0.0,0.0
86,0.2573520885954778,677.0342899888487,3.967516227777778,0.9956027265016711,9.091495,9.091495,1.3085787999999998,-2.045197,-14.093043,0.44313701263,-0.7551108999750978,3.9961932424136055,44.313701263,0.25890563930764937,-9.744002573846736,1458.6898636052492,-6.76723051875,-1.2728048237360805,4.4595265,4.4595265,-10.4892125,-18.712137,-19.503242,-10.0091293485,0.25978050941010167,7.174062786057136,-1000.91293485,0.2546168341708543,-0.855661282253769,1064.8654327334125,4.306374424545455,0.23245886124632031,12.947326,12.947326,-0.298479305,-1.8314415,-17.027092,-0.7372618547,-0.20461647363365185,5.928757804131425,-73.72618547,0.27265874828688896,0.0,0.0,0.0,-3.0,0.0,0.0,0.0,0.0,0.0,0.0,0.0,0.0,0.0,0.0,0.0,0.0,0.0,-3.0,0.0,0.0,0.0,0.0,0.0,0.0,0.0,0.0,0.0,0.0,0.0,0.0,0.0,-3.0,0.0,0.0,0.0,0.0,0.0,0.0,0.0,0.0,0.0,0.0
87,-0.29882873972454665,583.4250369475862,3.7712575999999998,0.8026137298505964,8.571625,8.571625,0.23299049500000002,1.04348,-14.089151,-0.32217802417,-0.6852065717669619,3.8391506662344326,-32.217802417,0.2585013440860215,-9.952960221817033,1143.6989774446013,-5.55863450625,-1.1890684625393897,4.815486,4.815486,-10.3132535,-17.98046,-19.515219,-9.6084710966,0.2947945662615679,7.404949023374401,-960.84710966,0.2853137600806452,-0.4086563765246956,1123.7619119740273,3.872439742,0.32937322473479913,13.197006,13.197006,-0.137264555,-5.8131614,-18.09542,-0.3796390477,-0.4761499268868276,6.232736332366564,-37.96390477,0.2623991935483871,0.0,0.0,0.0,-3.0,0.0,0.0,0.0,0.0,0.0,0.0,0.0,0.0,0.0,0.0,0.0,0.0,0.0,-3.0,0.0,0.0,0.0,0.0,0.0,0.0,0.0,0.0,0.0,0.0,0.0,0.0,0.0,-3.0,0.0,0.0,0.0,0.0,0.0,0.0,0.0,0.0,0.0,0.0
88,0.33395477273434404,626.8110855228828,4.01629804117647,0.04364446652888221,9.200169,9.200169,1.2462334,-4.249663,-11.139834,0.37188665546,-0.49838823886694705,3.9858804076299976,37.188665545999996,0.24946524064171124,-10.367902213497477,1256.2154709728115,-7.082122757333335,-1.170030310901531,4.2810974,4.2810974,-11.1008405,-18.779049,-19.551743,-10.4616579831,0.3416923271499955,7.127323914755263,-1046.16579831,0.277037037037037,-1.0965473889404043,1434.328623703836,4.1085288127,0.22270957256926627,12.251573,12.251573,-0.65099628,-5.9495277,-17.058676,-0.81355067138,-0.22695658355836948,5.823128202145198,-81.355067138,0.2522474747474748,0.0,0.0,0.0,-3.0,0.0,0.0,0.0,0.0,0.0,0.0,0.0,0.0,0.0,0.0,0.0,0.0,0.0,-3.0,0.0,0.0,0.0,0.0,0.0,0.0,0.0,0.0,0.0,0.0,0.0,0.0,0.0,-3.0,0.0,0.0,0.0,0.0,0.0,0.0,0.0,0.0,0.0,0.0
89,-0.12435104840555515,604.2005425905755,4.065909171428571,-0.16626137938540753,7.246281,7.246281,0.56267988,-0.5745053,-10.34858,0.0028156631900000217,-0.5589384161669648,3.881033453534812,0.2815663190000022,0.2887085137085137,-9.596975948427268,1083.5599875912412,-5.234782920874999,-1.1607555021093747,5.146448,5.146448,-10.221644000000001,-18.35528,-19.423758,-9.46583119492,0.30626632121620195,7.283872211271589,-946.583119492,0.2746527777777778,-0.20038510996969677,740.3064570833301,4.2325592456521735,0.9030335319343612,14.5614195,14.5614195,-0.115335155,-6.3354254,-18.198406,-0.3428575126999999,-0.510587094128085,6.1331044122799785,-34.28575126999999,0.2783047870004392,0.0,0.0,0.0,-3.0,0.0,0.0,0.0,0.0,0.0,0.0,0.0,0.0,0.0,0.0,0.0,0.0,0.0,-3.0,0.0,0.0,0.0,0.0,0.0,0.0,0.0,0.0,0.0,0.0,0.0,0.0,0.0,-3.0,0.0,0.0,0.0,0.0,0.0,0.0,0.0,0.0,0.0,0.0
90,0.3315480164198741,829.0722232223691,3.0954524789473687,-0.13512984905594694,9.279054,9.279054,1.2893438000000002,-3.427722,-8.187973,0.31506483699300003,-0.42606894179775273,3.5242235525251218,31.506483699300002,0.26727804359383306,-10.09255926669192,1183.4497831107776,-8.623763781249998,-1.159250582553756,4.403842,4.403842,-11.063718,-19.21569,-19.557878,-10.1880449014,0.26481592524209774,7.0599079720919145,-1018.80449014,0.28188131313131315,-0.8779799419015161,1565.7259364384242,3.16270138347826,0.7490449852393608,12.356205,12.356205,-0.373398515,-5.7082295,-18.747314,-0.8597566309,-0.4982638053163456,5.677565389400407,-85.97566309,0.27151954325867367,0.0,0.0,0.0,-3.0,0.0,0.0,0.0,0.0,0.0,0.0,0.0,0.0,0.0,0.0,0.0,0.0,0.0,-3.0,0.0,0.0,0.0,0.0,0.0,0.0,0.0,0.0,0.0,0.0,0.0,0.0,0.0,-3.0,0.0,0.0,0.0,0.0,0.0,0.0,0.0,0.0,0.0,0.0
91,0.14243209699191928,677.0337192335915,4.737368593333333,-0.962710392073256,7.050638,7.050638,1.11854893,1.6250207,-9.179062,0.018019526240000014,-0.32458365860599575,4.174787957695887,1.8019526240000014,0.27710437710437713,-10.144884368825755,1080.5827167763869,-5.513590442941176,-1.1812642698977185,4.113446,4.113446,-11.4664555,-18.186731,-19.410736,-9.7748725603,0.3576630354573999,7.270158045096842,-977.48725603,0.2517231134878194,-1.2598248964295449,1330.845500300088,4.736457010347827,0.15501477351901594,12.5512495,12.5512495,0.031060409000000004,-6.4869103,-18.520685,-0.5270884088,-0.4085915616282312,6.318903406657318,-52.70884088,0.2667325428194993,0.0,0.0,0.0,-3.0,0.0,0.0,0.0,0.0,0.0,0.0,0.0,0.0,0.0,0.0,0.0,0.0,0.0,-3.0,0.0,0.0,0.0,0.0,0.0,0.0,0.0,0.0,0.0,0.0,0.0,0.0,0.0,-3.0,0.0,0.0,0.0,0.0,0.0,0.0,0.0,0.0,0.0,0.0
92,-0.01652132499242405,764.9068022288222,4.405378973333333,-0.6231544909547737,9.046438,9.046438,0.860111385,1.8173708,-10.009834,-0.029081524350000016,-0.39374324524800325,3.952233945817708,-2.9081524350000016,0.2641414141414141,-9.285177524120455,1250.950966230804,-5.8684863358,-1.3043551379972045,4.8018646,4.8018646,-10.014474499999999,-18.689384,-19.57734,-9.5464850245,0.20693690733338618,7.684422325894658,-954.64850245,0.28053872053872053,0.04852821839444357,1243.819804601224,4.022627695714287,0.49613688765899555,10.841655,10.841655,-0.09617500500000001,-6.090385,-17.410894,-0.46804971558999997,-0.4772063608793915,5.557452691260867,-46.804971558999995,0.251010101010101,0.0,0.0,0.0,-3.0,0.0,0.0,0.0,0.0,0.0,0.0,0.0,0.0,0.0,0.0,0.0,0.0,0.0,-3.0,0.0,0.0,0.0,0.0,0.0,0.0,0.0,0.0,0.0,0.0,0.0,0.0,0.0,-3.0,0.0,0.0,0.0,0.0,0.0,0.0,0.0,0.0,0.0,0.0
93,0.3598393871474742,905.0878392389136,3.8029651352941176,1.0413502495529459,8.827892,8.827892,1.186807,-2.705025,-14.610218,0.30503566856000003,-0.7835393068147606,4.141205010827572,30.503566856000003,0.2444741532976827,-10.33088119815404,1145.5188112687827,-5.051256495,-1.181985434425884,4.917574,4.917574,-10.2948415,-19.070492,-19.546803,-9.7910613371,0.2654237769837595,7.253381942013333,-979.10613371,0.25126262626262624,-1.2920597428419185,1292.741378850153,4.838402820476191,0.03475158004560974,12.353361,12.353361,-0.09527687,-5.1446514,-17.862354,-0.69336859464,-0.3525815908679006,6.312867847290639,-69.336859464,0.2783790283790284,0.0,0.0,0.0,-3.0,0.0,0.0,0.0,0.0,0.0,0.0,0.0,0.0,0.0,0.0,0.0,0.0,0.0,-3.0,0.0,0.0,0.0,0.0,0.0,0.0,0.0,0.0,0.0,0.0,0.0,0.0,0.0,-3.0,0.0,0.0,0.0,0.0,0.0,0.0,0.0,0.0,0.0,0.0
94,0.5026234951103864,879.0832750242887,4.0968025062499995,-0.26779845718685147,7.3024144,7.3024144,1.216146,-1.8137783,-11.427237,0.11759245005,-0.5837957997369602,3.972333549273522,11.759245005,0.28292774711490215,-9.123322708830909,1315.8236064680516,-7.023055526666666,-1.3067267912953306,4.6325665,4.6325665,-9.813666999999999,-19.41822,-19.555634,-9.418092482,0.1826487951666582,7.6012961016083125,-941.8092482,0.2941294530858003,-0.7525875690541897,1333.2144494465642,4.0345387028571436,0.8195549256828185,12.582535,12.582535,0.356708215,-4.7681847,-17.277222,-0.647782428,-0.5725902278650113,5.908873191879469,-64.7782428,0.25754426206006736,0.0,0.0,0.0,-3.0,0.0,0.0,0.0,0.0,0.0,0.0,0.0,0.0,0.0,0.0,0.0,0.0,0.0,-3.0,0.0,0.0,0.0,0.0,0.0,0.0,0.0,0.0,0.0,0.0,0.0,0.0,0.0,-3.0,0.0,0.0,0.0,0.0,0.0,0.0,0.0,0.0,0.0,0.0
95,1.1224123197696196,1089.4474325876265,4.294503831250001,0.18156381300683577,9.148675,9.148675,0.9234297,-1.5587087,-10.235266,0.36247970364948456,-0.49972323094840926,3.9576487097080633,35.160531254000006,0.32018987341772154,-10.740899382797469,1838.4288457328569,-5.287358448571429,-1.2906002785644075,4.2061033,4.2061033,-10.56009,-19.064205,-19.564615,-9.428309197216494,0.22669454663430408,7.105684575999242,-914.5459921300001,0.27537070524412294,-0.373563142353164,1045.601415216452,3.446021488600001,-0.005979243493689168,13.007501,13.007501,0.034428407,-6.3444066,-16.997303,-0.27429763290721654,-0.16440767313535423,6.097090448313346,-26.606870392000005,0.2948354430379747,0.0,0.0,0.0,-3.0,0.0,0.0,0.0,0.0,0.0,0.0,0.0,0.0,0.0,0.0,0.0,0.0,0.0,-3.0,0.0,0.0,0.0,0.0,0.0,0.0,0.0,0.0,0.0,0.0,0.0,0.0,0.0,-3.0,0.0,0.0,0.0,0.0,0.0,0.0,0.0,0.0,0.0,0.0
96,-0.37289705623863617,597.8561706550589,3.7245921475,-0.5705244504637434,7.109765,7.109765,0.0648900585,-1.3102254,-9.697135,-0.37681441412,-0.37702948796907015,3.8547909147575203,-37.681441412,0.27061237373737373,-9.786758740126263,775.6077404291854,-6.2774870347058815,-1.2269266740689215,6.037844,6.037844,-9.9583415,-19.531384,-19.574345,-9.5662962631,0.27787733567644995,7.434379973468359,-956.62962631,0.2644385026737968,-0.8411572092984851,1378.2907658883503,4.83468191047619,0.032873744650753434,12.015214,12.015214,0.046852569999999996,-5.8582177,-17.38365,-0.3342758605399999,-0.35658753747630667,6.164186871720197,-33.427586053999995,0.25721500721500723,0.0,0.0,0.0,-3.0,0.0,0.0,0.0,0.0,0.0,0.0,0.0,0.0,0.0,0.0,0.0,0.0,0.0,-3.0,0.0,0.0,0.0,0.0,0.0,0.0,0.0,0.0,0.0,0.0,0.0,0.0,0.0,-3.0,0.0,0.0,0.0,0.0,0.0,0.0,0.0,0.0,0.0,0.0
97,0.4313865757144295,616.9138334697485,4.4444266475,0.7001860765297474,8.356523,8.356523,1.03195405,0.32841706,-12.626094,0.54764519171,-0.7662031191806186,3.9129460049321865,54.764519170999996,0.26598763874873865,-9.592803839260847,768.5137125087546,-6.944482490588236,-1.3133206792778473,5.280569,5.280569,-12.150009,-18.686392,-19.545753,-10.0234456459,0.31459053710478024,7.447685494509309,-1002.34456459,0.2617083160206565,-1.3798866952966706,955.9183878094753,2.7821582499999997,0.404952272863742,13.45058,13.45058,-0.784892795,-6.6273184,-17.786911,-1.02137699154,-0.044848933380929344,5.63322302264598,-102.13769915399999,0.2596703666330306,0.0,0.0,0.0,-3.0,0.0,0.0,0.0,0.0,0.0,0.0,0.0,0.0,0.0,0.0,0.0,0.0,0.0,-3.0,0.0,0.0,0.0,0.0,0.0,0.0,0.0,0.0,0.0,0.0,0.0,0.0,0.0,-3.0,0.0,0.0,0.0,0.0,0.0,0.0,0.0,0.0,0.0,0.0
98,-0.006676951877020689,705.3506695476643,4.041249320625,0.23902823325698508,10.399474,10.399474,0.5691165300000001,-1.891317,-12.645703,-0.10213560436999998,-0.4550822656175077,4.344555858982999,-10.213560436999998,0.26856060606060606,-9.32147504254798,1205.2474609564376,-3.334369691428571,-1.2795832646306753,3.7068915,3.7068915,-9.293649,-15.954423,-19.56267,-9.0952139669,0.17217170897478554,7.331959190620211,-909.52139669,0.2742063492063492,-0.3625950200707062,1334.1834778841744,4.661267735217392,-0.11334559963997881,11.969559,11.969559,0.009430390000000004,-5.3284693,-16.245417,-0.5344560864,-0.40004623942589074,6.233541716263511,-53.445608639999996,0.26051822573561706,0.0,0.0,0.0,-3.0,0.0,0.0,0.0,0.0,0.0,0.0,0.0,0.0,0.0,0.0,0.0,0.0,0.0,-3.0,0.0,0.0,0.0,0.0,0.0,0.0,0.0,0.0,0.0,0.0,0.0,0.0,0.0,-3.0,0.0,0.0,0.0,0.0,0.0,0.0,0.0,0.0,0.0,0.0
99,-0.36823115158110153,298.3795669914261,1.0477611793333332,0.7260627336168994,6.837781,6.837781,-0.302071835,-3.1162198,-4.3526487,-0.35836527342999996,0.5722940070071424,2.1644603955430672,-35.836527343,0.2805794172140812,-9.876606476604346,411.9336219154677,-8.515970964999998,0.9365080314772198,0.0,-1.2566369,-9.5678035,-15.803387,-18.352137,-9.758210771,-0.14474661577115902,3.2896213059606296,-975.8210771,0.28302172814552806,-0.6646837122758971,320.38288751372517,1.4151367412272722,4.627576638262539,7.23715,7.23715,-0.27220895,-1.3367202,-15.222594,-0.66536486248,-1.4934681840654647,3.3674489036310757,-66.536486248,0.2893793927144104,0.0,0.0,0.0,-3.0,0.0,0.0,0.0,0.0,0.0,0.0,0.0,0.0,0.0,0.0,0.0,0.0,0.0,-3.0,0.0,0.0,0.0,0.0,0.0,0.0,0.0,0.0,0.0,0.0,0.0,0.0,0.0,-3.0,0.0,0.0,0.0,0.0,0.0,0.0,0.0,0.0,0.0,0.0
100,0.8119470458341735,350.21828685571535,2.2280880638095244,2.1930458486406783,10.619666,10.619666,0.305140465,-0.45864624,-4.7427373,0.90118297611,1.3037005854218855,2.758851044495918,90.118297611,0.2634888632872504,-7.619895591749748,261.95541705480275,-6.20791301215,-0.3942917071600216,1.7657281,2.6479936,-9.05639225,-11.825259,-15.729291,-7.59458293123,0.5546483530900848,4.108962339594319,-759.458293123,0.25131048387096777,2.6792401228989426,478.2743271951747,4.203022314166668,-0.32184567137813413,15.410903,15.410903,1.41089105,-0.44442582,-7.3410344,2.89854245587,0.5061833630991198,4.435029237524084,289.854245587,0.26730510752688175,0.0,0.0,0.0,-3.0,0.0,0.0,0.0,0.0,0.0,0.0,0.0,0.0,0.0,0.0,0.0,0.0,0.0,-3.0,0.0,0.0,0.0,0.0,0.0,0.0,0.0,0.0,0.0,0.0,0.0,0.0,0.0,-3.0,0.0,0.0,0.0,0.0,0.0,0.0,0.0,0.0,0.0,0.0
101,0.23734105244221107,258.6379523290139,0.43802037495833335,1.1879155829521046,6.5623536,6.5623536,-0.6699319,-1.2008029,-1.3840219,0.20305125152,1.3412400354183442,1.6897112292233278,20.305125152,0.28680904522613065,3.5889308410100496,201.9622426571899,3.8623370458333333,0.7928001736678105,5.6809864,5.6809864,3.8115239,2.242337,0.71057236,3.5013015146,-1.0565833926172057,0.8860123431722238,350.13015146,0.26683417085427136,9.112853143065326,200.49785304324453,9.42638368,1.7300751722435699,10.316097,10.451566,9.150322,8.614436,7.3896832,9.130224594,-0.6939937116054766,0.5320655813671614,913.0224594,0.2673969849246231,0.0,0.0,0.0,-3.0,0.0,0.0,0.0,0.0,0.0,0.0,0.0,0.0,0.0,0.0,0.0,0.0,0.0,-3.0,0.0,0.0,0.0,0.0,0.0,0.0,0.0,0.0,0.0,0.0,0.0,0.0,0.0,-3.0,0.0,0.0,0.0,0.0,0.0,0.0,0.0,0.0,0.0,0.0
102,-0.4798384165336179,30.8701852176816,-0.3618366840869566,-0.30469451247763946,0.0,-0.070503384,-0.4125421,-0.8241861,-1.0879376,-0.48833244437113404,-0.8707275831848412,0.2522427920262816,-47.368247104,0.2739316041018978,3.95095369375667,57.392364958650205,4.0417839037037036,0.39098300753894355,4.767436,4.767436,3.89041,3.7155733,3.1033466,3.940166663917526,0.36685854733508283,0.30504119629857374,382.1961664,0.27392387050871575,9.219315502934897,72.79804620430774,9.398004630434782,1.7598355606605942,9.945318,9.945318,9.25226,8.941057,8.332722,9.221362128865978,-0.8685528242041243,0.25872747415585606,894.4721265,0.2452322398032574,0.0,0.0,0.0,-3.0,0.0,0.0,0.0,0.0,0.0,0.0,0.0,0.0,0.0,0.0,0.0,0.0,0.0,-3.0,0.0,0.0,0.0,0.0,0.0,0.0,0.0,0.0,0.0,0.0,0.0,0.0,0.0,-3.0,0.0,0.0,0.0,0.0,0.0,0.0,0.0,0.0,0.0,0.0
103,-0.709296456254408,40.450934101617484,-0.6142836977777777,0.6577306107859759,0.0,-0.39787263,-0.64575714,-1.0166858,-1.242117,-0.6972456977669903,-1.1227090283397978,0.18275445977600904,-71.81630687,0.2672637372889262,4.122047752896726,37.707394095963146,4.229038512500001,0.45610286082217577,4.771328,4.771328,4.0926394,3.9344184,3.6796482,4.109029510679612,0.5502648312691477,0.2030556176686024,423.2300396,0.24828400503778336,9.175882377078084,44.00067028490091,9.3166135625,1.704482229253478,9.770931,9.770931,9.203462,8.959169,8.612341,9.178317995145632,-0.14743202855007673,0.17979103524484802,945.3667535,0.2892317380352645,0.0,0.0,0.0,-3.0,0.0,0.0,0.0,0.0,0.0,0.0,0.0,0.0,0.0,0.0,0.0,0.0,0.0,-3.0,0.0,0.0,0.0,0.0,0.0,0.0,0.0,0.0,0.0,0.0,0.0,0.0,0.0,-3.0,0.0,0.0,0.0,0.0,0.0,0.0,0.0,0.0,0.0,0.0
