,gx Area Under Curve:,gx Average Slope:,gx Avg Peak:,gx Kurtosis:,gx Max Peak:,gx Max:,gx Median:,gx Min Peak:,gx Min:,gx Mode:,gx Skewness:,gx Standard Deviation:,gx Sum:,gx Time To Peak:,gy Area Under Curve:,gy Average Slope:,gy Avg Peak:,gy Kurtosis:,gy Max Peak:,gy Max:,gy Median:,gy Min Peak:,gy Min:,gy Mode:,gy Skewness:,gy Standard Deviation:,gy Sum:,gy Time To Peak:,gz Area Under Curve:,gz Average Slope:,gz Avg Peak:,gz Kurtosis:,gz Max Peak:,gz Max:,gz Median:,gz Min Peak:,gz Min:,gz Mode:,gz Skewness:,gz Standard Deviation:,gz Sum:,gz Time To Peak:
0,-0.0036533686378507017,2.2648725861538193,0.02172268192857143,1.1667162208834334,0.059687298,0.059687298,-2.663499999999708e-07,-0.014922224,-0.0937952,-0.004165839021428571,-0.8547131860512771,0.029335222479655657,-0.4082522241,0.2755749594426949,0.012714597857114233,2.528598182580205,0.03980917145,1.2584514325262193,0.10338711,0.10338711,0.00959244,0.004263188,-0.11937566,0.012594124135714285,-0.20801343740881242,0.03732130384289005,1.2342241653,0.2685120240480962,0.0196145881237976,1.0292077875238468,0.033166428794117644,0.7093154932764882,0.14388953,0.14388953,0.011724034,-0.0031979238,-0.04796353,0.020740258484693876,1.1524400535680592,0.04256531548973537,2.0325453315,0.27428386184132975
1,0.00600559175651515,21.22777879745276,0.06254571865909091,6.149662037228481,0.3773108,0.3773108,0.01225693275,-0.073543996,-0.4615133,0.004161033662765957,-0.9247064999673368,0.11101811042611175,0.39113716429999995,0.2450413223140496,-0.012414772204318188,21.873438495827166,0.04742996668888889,6.832800928502673,0.39116642,0.39116642,-0.006395315,-0.12150726,-0.41035238,-0.014729456845744681,0.39851144475920763,0.09354163483135952,-1.3845689435,0.2647586980920314,-0.023564212884646454,11.921152684602133,0.014092621177777771,-0.6366817384600654,0.1918528,0.1918528,-0.011724833,-0.17266817,-0.18332642,-0.021940948165957447,0.12552001339877436,0.09536344503595974,-2.0624491276,0.2718013468013468
2,0.00585163268417721,8.31438193635601,0.07439601785000002,1.9767442625727316,0.22702569,0.22702569,0.00266449265,-0.005329518,-0.19291912,0.006220796429591837,-0.09974061355676937,0.06360774236498894,0.6096380501,0.2730632911392405,0.0011748276443037963,8.147434642758457,0.06299138900000001,0.9628694359792913,0.19398439,0.19398439,0.00799347765,-0.025580462,-0.1513509,0.0030014694479591833,0.13675624909985049,0.06034604199938169,0.2941440059,0.27389873417721516,0.0074808644111645515,3.034505220552844,0.019509345326086957,-0.1739066673206322,0.10765083,0.10765083,-0.0021321268,-0.037305295,-0.062885754,0.008178445302040815,0.6807870940561696,0.03847264856906,0.8014876396,0.2744744083654375
3,0.004411261631092009,3.149630087412113,0.028191464155000002,-0.6083112224187723,0.063950755,0.063950755,0.0053289854,-0.010659036,-0.04263428,0.0033462075032258064,0.14936765030732976,0.02392291871428098,0.3111972978,0.2593023255813954,0.0037344876228766408,2.426714248988014,0.02664596528,-0.40178854430221556,0.056489907,0.056489907,0.002131594,-0.007461112,-0.035173167,0.003781751783870968,0.3939183101736776,0.022055247018203016,0.3517029159,0.26643073811931245,0.0026697083250758363,1.5174483164826256,0.013500451183333335,0.07242527346258054,0.027712055,0.027712055,0.004263188,-0.0021321268,-0.028778385,0.00357544553655914,-0.42801217612475156,0.01138627654549648,0.3325164349,0.2770475227502528
4,-0.018264268642943473,101.27208768348449,0.5973772307647058,1.015712345845194,2.6987317,2.6987317,-0.033041574,-0.16414127,-2.516472,0.012240818973737378,0.10579633582595908,0.9698562734971032,1.2118410784000002,0.23043168880455409,-0.17573500000511616,88.7438319094332,0.576861367611111,8.083377855361373,5.127804,5.127804,-0.12044146,-1.7170849,-6.79586,-0.20458965795656567,-1.4246744186457923,1.375049959178652,-20.2543761377,0.2813340053763441,0.0431365326672883,47.48316122093902,0.31549126572857145,7.838541676010745,3.2487104,3.2487104,-0.023448868,-0.53932047,-0.735437,0.060667011503030305,2.4345513907353706,0.6655306817368771,6.0060341388000005,0.25902457757296465
5,-0.21595735570536162,206.82372355318483,0.48001973731818187,2.303299871244487,2.0421681,2.0421681,0.07727375,-1.7341384,-5.1278048,-0.06906306968367347,-0.9136006816810034,1.1898703595452433,-6.768180829,0.2795098174460845,-0.755866682904906,332.2029415695366,0.23910537257142866,4.377016186443496,7.0442023,7.0442023,-0.68374317,-3.0398045,-3.9074066,-0.8272956693367347,1.2812548503530656,1.6860221994767552,-81.074975595,0.250475708745815,1.0361177028540718,308.2749726359571,1.8670883404736838,-0.6996998907792618,4.082205,4.082205,0.90384051,-0.01811988,-1.3280494,1.1722388812040816,0.44272740647935427,1.2627109019222555,114.879410358,0.27990309613183184
6,-0.12913557776828039,42.951589676665414,0.24702606229411764,3.5919853653013707,1.8247348,1.8247348,0.07247766,-0.7642149,-2.9843802,-0.14235049162626262,-1.3455160838146645,0.7703731943471275,-14.092698670999999,0.23262436593396815,-0.05455215681719633,33.67801778980378,0.275060012,6.074133509682966,2.6422417,2.6422417,-0.11830986,-0.44232816,-1.1980158,-0.06509253513434343,2.108058424557104,0.6317761290951451,-6.4441609783,0.24827702134812574,-0.06723675281059004,14.825364348408065,0.07551104923076922,0.6412088314934246,0.67574865,0.67574865,0.0031973913,-0.7588853,-0.86440456,-0.06571697332222222,-0.8310168589453747,0.30283592378130564,-6.5059803589,0.2396912215369099
7,-0.09671367036096219,191.34352081728906,1.7812633699999998,-0.9590253401860815,3.27962,3.27962,0.08633356,-0.56383514,-4.1184444,-0.07373077740206184,-0.11779593627577745,1.9335998697301382,-7.151885407999998,0.26844919786096255,-0.15623878784679168,245.55308850694325,1.9931984177222217,0.47191536555885394,6.1872587,6.1872587,-0.29417464,-1.5806556,-5.3612256,-0.018888899371134027,0.5253898151179266,2.269372805643091,-1.8322232390000006,0.26280451574569225,-0.08612725808288743,82.54056057772034,0.5613891199999999,-0.3018710618224829,2.3811085,2.3811085,-0.01811988,-0.5553082,-2.1231735,-0.03554695737113402,0.20829863615578795,0.9617392696460423,-3.448054865,0.29619377162629756
8,0.10545527007933328,192.1901886334933,1.4863274508888886,-0.9755048843471581,4.0374393,4.0374393,-0.21636799,-2.572962,-3.3926005,0.06004945040776699,0.16494812505003492,1.9735944912573893,6.185093392000001,0.23996406714951435,-0.11047011325492656,385.7586273792142,2.105743007647059,1.1392836440391658,6.6498375,6.6498375,-0.3272162,-0.60860074,-7.000503,-0.13602555952427184,0.27931885410986557,2.4039930038434933,-14.010632630999998,0.2714383378414529,0.0561722327468418,144.84490702219878,0.5940112381250001,-0.09504936402978537,2.4162815,2.4162815,0.08526776,-0.8036509,-2.3224874,3.0721951456304625e-05,0.04429544464086427,1.0447872969460523,0.0031643609999993765,0.26500126326427487
9,0.2009032501267036,223.3665869024608,1.8693228927777779,-0.9835400128089473,3.946842,3.946842,-0.0495623585,-0.74716103,-3.3968644,0.13368923528999999,0.19608507665276034,2.0360208846334937,13.368923529,0.2753098883840933,0.15736507468349314,266.1084832706566,2.193631132894737,-0.04871959199612963,5.9634304,5.9634304,-0.06555024749999999,-2.112515,-6.2650666,0.16675190225,0.27406887635839705,2.4944158467568873,16.675190225,0.2760434655543452,-0.06471342649333676,111.30507834496628,0.8500743173333333,0.227508841956078,3.5940459,3.5940459,0.0287777195,-0.48602796,-2.224429,-0.004253036528000002,0.3638595971093106,1.143707580493967,-0.4253036528000002,0.2766560098715576
10,-0.2868362490045475,274.58270231319216,0.7111880096000001,-0.8819653818513618,4.3039017,4.3039017,-0.25473842,-3.0174217,-3.1634429,-0.20008169577999999,0.31673523215802735,2.018342325832558,-20.008169578,0.27577059120768066,0.3156038398281962,647.2726243728152,1.9100028435294116,-0.4293044859760422,5.7257457,5.7257457,-0.362389235,-1.7266773,-5.4859295,0.043113309799999985,0.23016291546038284,2.419842055401803,4.311330979999998,0.2942959902505722,-0.09968584494239513,210.41616175572952,0.7272459488947368,-0.638300277969575,2.4940886,2.4940886,-0.215301925,-0.5478474,-2.1285028,-0.05887788571,0.20350144179229973,1.117801210609573,-5.887788571000001,0.2847264700406904
11,-0.045896739167525125,185.84444681626655,1.722271104506667,-1.046155322104105,4.6236567,4.6236567,-0.19291912,-2.2851827,-3.5034494,0.002568374185999996,0.2309755726888261,2.1199546672165135,0.2568374185999996,0.2736026936026936,-0.11058549663868739,318.7052559022844,1.9026840280000001,-0.5283540698924822,4.3849063,4.3849063,-0.1737338475,-1.6776482,-4.4893603,-0.13956272085600002,0.23338412442577966,2.114496169892405,-13.956272085600002,0.25306397306397305,-0.10925746262479785,147.27646447938358,0.5988820011764705,-0.22800848621914716,2.9193628,2.9193628,-0.0005331646999999998,-0.61819345,-2.424809,-0.074417967454,0.11022119053292707,1.112288982023757,-7.4417967454000005,0.25796197266785503
12,0.05243222652222207,224.5403621161373,1.2999603905882353,-0.5904115627217563,5.3495007,5.3495007,-0.35386262,-2.9374828,-3.286016,-0.11659364711999999,0.4839230903081932,2.1812056098377495,-11.659364711999999,0.2576351752822341,-0.01155245447828239,294.21824529513293,1.3331241919047618,-0.1257710355621029,5.32392,5.32392,-0.01545499,-2.0421689,-6.0284476,0.020005646039999988,-0.11301150444955287,2.2040892437983124,2.0005646039999987,0.25062530062530064,0.0008012237474747412,144.74625477157048,0.7145336816666668,0.43650688339687527,3.4981194,3.4981194,0.029310485,-0.5233327,-2.4557188,-0.006981636200000005,0.45670787774590305,1.1918218485798506,-0.6981636200000004,0.2914141414141414
13,0.10732140321770954,265.4661151255907,2.0328598318,-0.6669000987977287,5.1192775,5.1192775,-0.15294973,-0.93794805,-4.960467,0.13995642737,0.20109302316231434,2.220954031852249,13.995642737,0.2822401614530777,-0.1601894461406152,429.247513651573,1.805904788571429,0.4702755112637984,6.4665112,6.4665112,-0.10445357,-2.1210418,-6.4643803,-0.09932688005599999,0.23154683113057048,2.246168534755793,-9.932688005599998,0.2767286531161405,0.054160409460141216,174.16698532301078,0.8521721156190475,-0.1409213041007611,2.9428117,2.9428117,0.047962997,-0.57236207,-2.226561,0.07062290488000002,0.18835489153178891,1.1473804034823423,7.062290488000001,0.270746239969247
14,-0.00046584990163475726,208.85796766478273,1.8644173404615383,-0.48403415476523737,5.4656787,5.4656787,-0.24727744,-0.35705987,-4.2239637,-0.1937872113814433,0.32846841698744,2.11259173144543,-18.797359504,0.257430308111507,-0.13070374255476788,368.17175728538723,1.659991548695652,-0.0737866179302138,4.873066,4.873066,-0.3623894,-2.2350879,-6.849152,-0.13949481591752577,0.16438399901108697,2.2926868764068975,-13.530997144,0.26871223788650633,-0.04138200259073549,154.78601783059557,0.7510685924999999,0.7883971006886883,3.8946154,3.8946154,-0.13856082,-0.96566063,-2.6134644,-0.0880153419484536,0.5080914776428302,1.2754163377241747,-8.537488169,0.22502270663033605
15,-0.2228589788309716,273.30839931098933,0.7907481210526311,-0.4387995159319602,5.245047,5.245047,-0.6757492,-2.9385488,-3.134665,-0.10797195927184466,0.5996289689764005,2.1099315996084402,-11.121111805,0.2519177498401875,0.02084929721153814,339.31897967384964,1.321702136545455,-0.6971147224832355,3.834928,3.834928,-0.35599408,-1.7810359,-3.4000618,-0.09757214968932038,0.21180600919822787,1.7717364682930112,-10.049931418,0.2609725800515274,-0.22508858283679145,141.90328046679141,0.7964356038461536,-0.38890383266468787,2.5953445,2.5953445,0.12683597,-0.83242935,-2.7562883,-0.11537081639805825,-0.06142862644005811,1.1870306173371397,-11.883194089,0.2843350981002803
16,0.406999325512222,215.3010142638093,1.8475173540625003,-0.4208574545660464,6.0486984,6.0486984,0.010125205200000001,-2.8308978,-3.3957982,0.22585327938400002,0.3315510553435247,2.1166316975775668,22.585327938400003,0.2606691919191919,0.5618395928828283,338.6445257555892,2.4439404485000003,0.2642149031897101,7.3682203,7.3682203,0.33840707999999997,-1.302469,-5.444362,0.39749775977,0.11826060642589573,2.2877312736865316,39.749775977,0.276969696969697,0.17114584240227268,140.0913110221967,0.9550012919999998,0.23511060037867137,3.0888329,3.0888329,0.1801285,-0.7908611,-2.5740283,0.18069322572,0.27034982235738053,1.1191200434170223,18.069322572,0.25171156004489337
17,-0.1833395302274652,189.69489462675094,1.3652566409090907,-0.1987846408839391,5.3665543,5.3665543,-0.66189325,-2.7722762,-3.1591797,-0.2829891045368421,0.6637044805151584,2.043478010765991,-26.883964931,0.2329123686493782,-0.10361351933085915,263.6003376780748,1.5547702752380954,-0.7442136501433922,4.7217155,4.7217155,-0.5787568,-2.119976,-4.415817,-0.2361926561894737,0.27116182188972315,2.0306947410762484,-22.438302338,0.26314194818966824,-0.24112460468844102,129.21130374454114,0.7335504723076924,-0.07536909953023319,3.2359204,3.2359204,-0.185458,-0.91023594,-2.6209254,-0.17668460799789473,0.25542829641929876,1.2080012157148594,-16.7850377598,0.2780814095766376
18,-0.3989020120755874,279.46936200214867,0.8154282730000004,-0.7085043235906876,5.4177155,5.4177155,-0.40289178,-3.2497768,-3.5546098,-0.19598474316190476,0.31843948308386827,2.0654490989278225,-20.578398032,0.2455566905005107,0.722144884675689,532.8556841766699,2.746029001666667,-0.47533240312125624,6.9344196,6.9344196,0.24621111,-1.6584628,-5.319658,0.5901760497142857,0.1618095578182156,2.468138241833008,61.96848522,0.23748723186925433,0.044672553923135724,223.50243771532436,0.8725755330555555,0.6197219235485427,3.93192,3.93192,-0.14495613,-1.4623466,-2.5942793,-0.03952813857142859,0.5805570501735028,1.2622517279737355,-4.150454550000002,0.24764498921802292
19,0.19563698384823225,184.29102081535012,1.3987501546666665,-0.9518996129183468,4.366787,4.366787,0.10338711,-3.137863,-3.3329132,0.20048714003030305,0.1629519140026794,2.1016244959858374,19.848226863,0.26315937149270485,0.1551112579305558,383.19749005217983,1.6594002116000002,-0.4559385071496691,4.0587564,4.0587564,0.12896757,-1.9600985,-6.594414,0.07751603348484848,-0.23666628866432748,2.2359242340925713,7.6740873149999995,0.267979797979798,0.22607265944141441,110.73833506285337,0.9739201543750002,0.41381856051988475,2.9875772,2.9875772,0.31229344,-0.5851519,-3.2433815,0.2273164219090909,-0.14953578212578086,1.1744401797265727,22.504325769,0.2685290404040404
20,-0.624221084331483,468.6141809750877,0.8967348238888889,-0.9267540474873726,4.751559,4.751559,-0.43433413,-2.9843802,-3.612166,-0.20667926799999997,0.33550887663917955,2.171031267932859,-20.667926799999996,0.26614530776992934,0.1882281625655902,782.7023353355668,1.437362338,-0.7764096597268861,4.6492376,4.6492376,-0.22755925999999999,-2.2521415,-4.6161966,-0.1479296439,0.16066138059373739,2.1650936152291584,-14.79296439,0.292795156407669,-0.39196798324508053,328.2380865183759,0.7147461299999999,0.1074091651148592,2.7520242,2.7520242,-0.221697245,-1.3184568,-2.6465058,-0.085737290605,0.23591356061133242,1.1153194865560132,-8.5737290605,0.26176767376981064
21,-0.1074762811042312,231.04348878658223,1.64112446,-0.8949505303510104,5.8632407,5.8632407,-0.33894063,-2.8255687,-3.5642025,-0.04054612183673469,0.36112907313969866,2.317482956186958,-3.9735199399999996,0.26842105263157895,-0.17909309737667703,361.6050743847612,1.4530640598333333,-0.864582900906127,3.9756198,3.9756198,-0.070879367,-2.512209,-4.3017707,-0.10736839595918367,-0.010240570243101517,2.073979602548943,-10.522102804,0.268984348125215,-0.019235126708720268,131.99638711550566,0.6061840660000001,0.2660072544194869,2.584686,2.641176,-0.202511685,-0.842022,-2.5154061,-0.012605632887755092,0.45192256724244523,1.1210172733904769,-1.235352022999999,0.2957000343997248
22,0.12735256951041563,215.46575860214455,1.311387838631579,-0.38968465321831003,6.0700154,6.0700154,-0.061819425,-2.9129682,-3.490659,0.19621014767941178,0.34150709621517383,2.155784826397992,20.0134350633,0.26571878251127057,0.16517511541282331,424.82532607947985,1.6262817680384614,-0.6084444282506749,4.5629034,4.5629034,0.030909446,-2.2777214,-5.5605397,0.11526823540196078,0.02578617134538108,2.212317140035714,11.757360011,0.2594058247884908,0.10718970805854018,169.70443578497722,0.95759928,0.4319160013337715,3.847718,3.847718,0.0415678166,-0.66722226,-2.64544,0.10064934072745098,0.5209232867734195,1.2063650411665692,10.266232754199999,0.27908008109477955
23,-0.21368978938591646,176.30627850869234,0.5330845699,-0.49374624688909163,5.3654885,5.3654885,-0.66935411,-3.1080186,-3.655866,-0.28507256186,0.5534716869173439,2.208857358876551,-28.507256186,0.25530035335689044,-0.1868337203887429,371.3840925407717,1.9224885096666666,-0.5288605526510772,5.1757674,5.1757674,-0.26433098499999996,-2.403492,-6.1734033,-0.068779635538,0.009008218184125795,2.2292782390672623,-6.8779635538,0.2733588134900603,-0.059902046750378864,114.17472584424122,0.7033895993333332,0.8179980058826137,3.3052003,3.3052003,-0.1305668,-0.62885195,-2.54525,-0.06887553208,0.39952068459718554,1.1211761469423582,-6.887553208,0.2663974423691738
24,0.02092337733602026,160.9820821840511,1.198203051764706,-0.41473998263932677,6.460116,6.460116,-0.21690089499999998,-2.610267,-3.4991856,-0.022532380439999986,0.47706533073353113,2.1532430617898157,-2.2532380439999984,0.2701733590161505,-0.0713276757314863,312.0304392924762,1.20168160328,-0.5907553868634161,4.5852866,4.5852866,0.0975250875,-1.594512,-3.6409438,-0.04799553877,0.11644224169150029,1.8321084390790423,-4.799553877,0.2562619647355164,0.04800294725969775,108.17627502906447,0.93508324375,-0.6337724141110881,2.534591,2.534591,-0.007461378000000001,-0.70665914,-2.4397306,0.037997238059999994,0.014551948546101473,1.1350512153798742,3.7997238059999994,0.2181360201511335
25,-0.09779906531186894,365.75566805972994,0.9743049138888887,-0.6575381781027905,5.7545233,5.7545233,-0.044766007499999996,-2.730708,-3.8487844,0.03477834124999999,0.37154836343070574,2.2124258525410676,3.4778341249999993,0.2585578002244669,-0.21102731986388895,539.1310985694458,1.7531896804166667,-0.6264505890098877,3.9148667,3.9148667,0.11511154,-1.8918841,-5.440099,0.086216282,-0.2536572709562939,2.1920048019494502,8.6216282,0.26483585858585856,0.045228343430050506,249.32720869708854,1.1262986250000002,-0.14842805082649946,3.016355,3.016355,0.0474301,-0.45405218,-2.503682,0.08039674993,0.29490364578801154,1.191209127725452,8.039674993,0.2688311688311688
26,-0.5101864677124119,278.75675661157453,0.8481793805555555,-1.103351713175512,4.9338193,4.9338193,-0.1241716175,-3.1517189,-3.4725394,-0.09437067166,0.26441584506316274,2.211602586850443,-9.437067166,0.28475725978248684,0.0017543864545917498,385.9479515345901,1.4344631939999997,-0.6490025326275215,3.918064,3.918064,-0.136962117,-1.8396573,-5.314328,-0.08569465904,0.1131208121957197,2.0225603634195006,-8.569465904,0.26244197780020184,-0.05083849252699277,130.56441736511587,0.7441914064285715,0.5728515271786985,2.656098,2.656098,0.013322729999999998,-0.44445974,-2.679547,-0.04154716310999999,0.1305913805119579,1.0055191160249175,-4.154716311,0.2898947671904281
27,-0.01197954413434349,280.12740619580853,1.1424027285294118,-0.9945314797287947,5.0329432,5.0329432,-0.18119496000000002,-2.9342852,-3.5823221,0.0034423865399999943,0.3476876319856821,2.236735587393105,0.3442386539999994,0.23986928104575164,0.19397147358737366,414.2088868329205,1.5043830048000002,-0.6932861732836559,4.4296722,4.4296722,0.13109916500000002,-2.1103833,-5.214138,0.0063734813999999935,-0.0932682912834756,2.204954177072194,0.6373481399999993,0.23503030303030303,0.11438801749797967,158.21207481575533,0.8746526130769231,0.5917321734128196,2.8788607,2.8788607,0.038370425,-0.7706099,-2.986512,0.05071285064000001,0.021602572682077974,1.0887765919144703,5.0712850640000005,0.2484071484071484
28,0.029174984948764072,228.9275744825601,1.719837495833333,-0.7551916542848058,5.084104,5.084104,-0.0351731675,-2.808515,-3.4394982,-0.03989356112448978,0.3592357513263827,2.0956468219116346,-3.9095689901999986,0.2802952282869894,0.1383121041979918,415.9185991038131,1.6945732430799996,-0.9367868198045946,4.7067933,4.7067933,-0.13909371,-2.339541,-3.9116697,0.07545750167346939,0.12581491286588475,2.165976310985566,7.394835164000001,0.2674150360453141,0.011462788562306913,173.89065683524498,0.8842163055294118,-0.10109255145718565,2.6081345,2.6081345,-0.0394367555,-0.35173088,-2.31929,0.06072050446938775,0.27585705007311173,1.1301040128557747,5.950609438,0.2712788513963773
29,-0.19101847737309646,223.99109143505058,1.0735613794117649,-0.8049378936429012,5.770511,5.770511,-0.29257606999999997,-2.9801168,-3.81148,-0.12246856807843137,0.36675913598186977,2.237106777811909,-12.491793944,0.2601970737533592,0.06118273173604073,325.1444999910593,1.5846628064000003,-0.8726071728628506,4.9039755,4.9039755,-0.196116515,-2.8383586,-3.7230144,-0.038381355039215685,0.2705412904278501,2.1576374598366854,-3.914898214,0.23780710659898477,-0.0942855997492384,129.38629641371136,0.6486634061176471,0.5817419334775842,2.7136536,2.7136536,-0.10178908,-0.6746834,-2.259602,-0.06477685905882352,0.4019751597007115,0.9966371127140433,-6.607239624,0.2518065094057928
30,-0.11054166094646482,255.65191624027108,1.164472102352941,-0.796253214228352,5.245047,5.245047,-0.033574469999999995,-2.9747875,-3.8498502,-0.061126848759999984,0.27564357671400064,2.2284423661150448,-6.1126848759999985,0.2561200237670826,-0.03453223447575756,259.02090802059905,1.230502176,-0.7955149198550995,4.651369,4.651369,0.039436222,-2.2649317,-3.8093483,-0.03615394164,0.17127673215861386,2.07431183529652,-3.615394164,0.26511111111111113,0.02283228787994942,179.4038865080648,0.7949356294117648,0.1495041805252919,2.4098866,2.4098866,0.127368875,-0.8942487,-2.6475718,0.058301685383,-0.05789097550420405,1.0100414144529455,5.830168538300001,0.2696969696969697
31,0.19575471049596369,144.72778061580462,1.02445915,-0.858431795713237,4.1802635,4.1802635,0.10072235,-2.723247,-3.256172,0.14192826851999998,0.1475555946438943,1.9679334658035326,14.192826852,0.2859905819038009,0.07346617108678152,365.61686729591014,1.6658343783333338,-0.8214046567020801,4.549048,4.549048,-0.013856428,-1.8172746,-4.968993,0.12535430414,0.17326312474830705,2.1922691361114146,12.535430414,0.2567482341069627,0.13213094479747742,95.93441183376493,0.878887069529412,0.10022875356398542,3.2423153,3.2423153,0.09965682000000001,-0.80898046,-2.4951553,0.10422916171800001,0.18505572930994077,1.1271463829240684,10.4229161718,0.27547931382441976
32,-0.17253676716329835,271.2298579674838,0.8236885906666667,-0.8658902704404863,4.851749,4.851749,-0.4593817,-2.8490171,-3.3830082,-0.28077886616842107,0.39202289997756035,2.1447151762574475,-26.673992286,0.259290780141844,-0.15491055457393604,274.78514293338753,1.4359418179545456,-0.6364224756713068,5.256772,5.256772,-0.2835164,-2.183927,-4.0566254,-0.18086944451578948,0.40881937085441544,2.0455668284871122,-17.182597229,0.2856624758220503,-0.07051706502393622,132.68911847141436,0.6957628588888888,-0.03023804336461655,2.5623028,2.5623028,-0.13642922,-0.5158716,-2.4418628,-0.10183947721052632,0.12570660252071347,1.0634616369370788,-9.674750335,0.29432624113475175
33,-0.04945408557661278,323.08257628674556,1.5134401158937505,-0.9532595977605514,4.5437183,4.5437183,0.002131594,-3.0824382,-3.3190572,0.06707718789809523,0.1851636397137454,2.132939280873705,7.0431047292999995,0.2771862399193548,0.04654521626290273,403.6849879295094,1.6025051518461537,-0.6639784151753805,4.9167657,4.9167657,-0.12470465,-2.2713268,-3.8562455,0.0691581215161905,0.2206903855736037,2.0790963483971057,7.261602759200001,0.273340570719603,-0.016685879732610973,179.79383334337302,0.8598445941666668,0.12242427312431481,2.6230567,2.6230567,0.22702569,-0.5627688,-2.4717064,0.1202580252095238,0.13306870562848316,1.0266010368792615,12.627092647,0.23524305555555555
34,0.010316187457806852,218.2765799513971,1.3478335375000003,-0.8632875745327753,4.894383,4.894383,0.12630281,-3.0845704,-4.1696053,0.05492292837999999,0.15179819191886995,2.2376000664506206,5.492292837999999,0.25862177867609903,0.11646520852652895,412.25068235565425,1.5844677042307689,-0.9945155002052406,4.709991,4.709991,0.17533214,-2.2436147,-3.727278,0.12723020195999998,0.10530042804861228,2.171972021421348,12.723020195999998,0.2756053951101955,0.10169543965032853,167.97869132170203,0.8782601000000001,0.5351172394398467,3.5343583,3.5343583,0.080471405,-0.57982266,-2.2063096,0.06179764022,0.451852335468333,1.0897064270348549,6.179764022,0.28454325978328
35,-0.2567984432784295,154.7166052936821,1.0738790466666663,-0.9390018953902515,4.4776354,4.4776354,-0.34426975,-2.9556022,-3.6931705,-0.18359568855555555,0.2685818056794786,2.108318964295611,-18.175973167,0.2418493965663777,-0.12030983603977563,226.85723634848586,0.8094487989599998,-0.7822474821233945,4.700398,4.700398,-0.2685947,-2.404558,-3.9788184,-0.21020961647474748,0.3139600029053355,1.9168527446712782,-20.810752031,0.2539724630290668,-0.05634609134115264,124.51193843518298,0.6622922668750002,0.5960392500789871,2.9790504,2.9790504,-0.05542464,-0.7535564,-2.184993,-0.05627506957575757,0.4911766313871962,1.0005737627913707,-5.571231888,0.24955379908210096
36,0.09438650918130471,287.3132343214432,1.5054061464,-1.0299707426487001,4.6545663,4.6545663,-0.29097724,-2.9182975,-3.2380526,0.04031201190099011,0.269113324072221,2.135013596031848,4.071513202000001,0.24047252182845402,-0.08095401283204944,353.5260716579547,1.3044770800000003,-0.5099372075499704,4.4371333,4.4371333,-0.21103847,-1.7778379,-3.0696483,0.021390542883168336,0.4251106992066343,1.7848868993873335,2.1604448312000017,0.25704239263561296,0.0956880306404726,94.75124325678935,1.0175311420000002,0.1517493455492902,2.682744,2.682744,0.101255514,-0.6608272,-2.0091274,0.13262939682178218,0.3224022140391049,0.990388085582272,13.395569079,0.27522684471837017
37,-0.21805296546594335,170.6564528705147,1.3867465744999998,-0.9143190506279946,4.647105,4.647105,-0.23022400999999998,-1.5987753,-3.4874616,-0.16759458877,0.22554966668677293,1.9967801371781664,-16.759458877,0.2765244341934554,-0.2549546445862262,288.86077148537714,1.3568711052499998,-0.9161511150198645,3.7475283,3.8690348,-0.446591485,-2.06242,-4.8933177,-0.191267094614,0.09718095382550049,2.0640466771962918,-19.126709461399997,0.25531870164816683,-0.11950920642709384,96.46284491826727,0.7097034542857142,-0.07372297659966476,2.4535863,2.4535863,-0.0335747365,-1.0861015,-3.165575,-0.03757157633,-0.07192457501949169,1.12796801467781,-3.757157633,0.2798399884676373
38,-0.08058235437808234,241.81980450969434,1.6136965863333335,-1.1081400344429946,5.249311,5.249311,-0.0591549325,-2.9193633,-3.4736052,0.037304445923913035,0.19834818325499612,2.2692422099005416,3.4320090249999993,0.26666666666666666,-0.39999862880027404,347.15501350181097,0.8761727570833334,-0.6013165247437469,3.8786275,3.8786275,-0.48336333,-2.473838,-5.30367,-0.4270933539456522,0.13053727439027824,2.0251067579094326,-39.292588563,0.2576027397260274,-0.009910380230411004,157.2695893261451,0.7323206215384617,-0.006282784256360419,2.79679,2.79679,-0.028778118499999998,-1.0018996,-2.2883804,0.0048307729891304465,0.2690577169735189,1.082859642937741,0.4444311150000011,0.3061327713382508
39,0.1948681206351006,346.2836212213757,1.7619618342105263,-0.6228701165572517,5.780104,5.780104,0.15561383,-1.3216542,-3.9777524,0.09762363985185186,0.24377895926350768,2.1962929996034486,10.543353104000001,0.23314462171899125,0.21198699496654644,440.9451358839701,1.5411723930434784,-0.8061537478472136,4.475504,4.475504,-0.10765137000000001,-1.9132011,-2.9779854,0.07725406574074074,0.2624492841706241,1.8524525177283957,8.3434391,0.24422117299559176,0.0938139695059185,158.03036327819183,0.6899411976842105,-0.0626842885285428,2.6966,2.6966,0.0474301,-0.9347506,-1.9451766,0.04780502089814815,0.1827429512779243,0.9889854802943302,5.162942257,0.24606549827992524
40,-0.5811058584989779,384.32202326338364,0.8406187011578948,-0.6811915649303364,4.5383887,4.5383887,-0.7343712,-2.8607419,-3.5716636,-0.417039384831579,0.40179426589777806,2.0312499103269874,-39.618741559,0.2773041443670495,0.08286368310935113,712.1732642652114,1.5748161678260872,-0.5929006044632281,4.71532,4.71532,-0.47856686,-1.7821016,-5.704429,-0.1515305184105263,0.03174623317853283,2.0196522512571335,-14.395399248999999,0.2608695652173913,-0.09185945011149721,244.64262642078265,0.5660326606249999,0.07719165521470694,2.79679,2.79679,-0.20038024,-0.71411973,-2.1093175,-0.08455024993473684,0.42943536715249603,1.0871219393033746,-8.0322737438,0.25935743484925905
41,0.024216379901465312,261.05544393795293,1.1992940920000001,-0.7775879826989933,5.8120794,5.8120794,-0.38583785,-3.0334094,-3.7102242,-0.03157080279999999,0.3357141911859912,2.2453511290951105,-3.1570802799999993,0.2611672561899949,0.2045429833218799,444.77154502555885,1.8877126986956525,0.44012997954692956,5.490193,5.490193,-0.286713935,-1.3920002,-6.6860776,-0.016105306939999994,0.06895539823948464,2.1879846363729314,-1.6105306939999993,0.25933167827405146,0.14807635725543206,166.6953506162014,0.9126515274000001,0.2222805196426969,3.316925,3.316925,0.038903058000000004,-0.75462216,-1.9814153,0.05760889033,0.5666238871183273,1.1767637088524188,5.760889033000001,0.26147886137780024
42,0.041355543829625335,288.0796636372027,1.201324831894737,-0.36065460651600567,5.7438655,5.7438655,-0.1113816525,-2.631584,-3.0675166,0.13979659957,0.434836450805056,2.0428522241903813,13.979659957,0.2654196157735086,0.13802213675783648,504.98799004752203,1.6733431765384614,-0.49075919244483623,4.894383,4.894383,0.172667515,-1.7618505,-5.4049253,0.08467080422,0.015996573413271688,2.1205275788308557,8.467080422,0.26993077700863344,0.13827160454802828,147.03569006263692,0.9857586614285717,-0.28004290660713993,2.454652,2.454652,0.163607575,-0.7397002,-2.2340217,0.09183330438,0.0312586867715541,1.1058549219387646,9.183330438,0.2956088400982233
43,-0.41475774259518755,249.40908954494535,1.1495188521428568,-0.44697842688080636,5.952772,5.952772,-0.499883995,-2.992907,-3.3329132,-0.26345017301020407,0.5163274500025273,2.09143404054879,-25.818116955,0.2652413688902319,-0.21374664724061382,317.37339826957793,1.3190778234583331,-0.029217328360829686,5.2621007,5.2621007,-0.358658825,-1.9537033,-6.0977283,-0.21910862742857143,0.27370686901453506,1.9909530779675124,-21.472645488,0.24955931605852283,-0.16265179472924388,141.1152020274291,0.6582381935714284,0.3407687754669402,2.7019296,2.7019296,-0.09113044249999999,-0.83242935,-2.195651,-0.10774905107142857,0.2822479149423445,1.0520847581488746,-10.559407004999999,0.2865452897182141
44,0.12647108287608144,208.14516582999178,2.1956507220000003,-1.0169727289969819,4.5938134,4.5938134,0.0719444975,-1.6254215,-3.4650786,0.15075477390196076,0.12552099575421993,2.170162701847825,15.376986938,0.23806615776081425,0.15882872181526717,393.3807519701984,1.4999269177777776,-0.39219054126363284,4.5639687,4.5639687,0.130566395,-1.8940157,-5.356962,0.2036606485490196,-0.04398149656098733,2.0036701060387436,20.773386152,0.24957119969842614,0.14864101729847345,144.61138930972442,0.897445336368421,0.5907345241831155,3.3297148,3.3297148,0.119907765,-0.56916416,-1.9643618,0.16258360887254902,0.5873534164196691,1.1051793933737306,16.583528105000003,0.26259541984732826
45,-0.27691639525669515,354.2069784474522,1.1681712794117647,-0.4703729377492336,5.7907624,5.7907624,-0.08313670000000001,-2.872466,-3.6942363,-0.1585774888,0.3363275199200673,2.16306857228717,-15.857748879999999,0.24551912730731504,0.07315338060232444,560.0601525559845,1.5512999614166665,-0.9236033968113646,4.416882,4.416882,0.046897068,-2.09333,-5.0244174,0.02895882615999999,0.004398787481536847,2.0170398985383313,2.895882615999999,0.27364409634495535,-0.05335959403941383,205.86335145219516,0.8895699066666667,-0.07132729326916243,2.7829342,2.7829342,-0.065550117,-0.5329252,-2.1785977,0.014772368790000004,0.33271490505542944,1.0837020245403224,1.4772368790000006,0.27351075178260625
46,-0.08734165107013125,292.22625174381824,1.1540908118421052,-0.620969917980331,5.933586,5.933586,-0.34000644,-2.7701442,-3.5929809,-0.13146225032,0.4302542349392772,2.244059253255674,-13.146225032,0.23883371395188274,-0.2586791801793644,353.2378966225177,1.1129049995185187,-0.7359411632952408,4.176,4.176,-0.2238287,-2.1583467,-3.4661443,-0.25370457614999997,0.3339895216293272,1.905356422188149,-25.370457615,0.27073289232724146,-0.13340391708400598,140.95648583805598,0.45179472882352933,0.0437205801819176,2.3384745,2.3384745,-0.17693124,-0.7173174,-2.0432348,-0.09037373859,0.21194767337919404,0.9755071850018271,-9.037373859,0.2796046773906333
47,0.15805491831993962,215.70048081750738,1.2609535184999998,-0.9406970690575016,5.3367105,5.3367105,0.133763925,-2.7403007,-3.3798108,0.2422195482142857,0.2115594836502612,2.1732861048497734,23.737515725,0.26572074334505275,0.1199436764791566,461.5400164460937,1.6530540355555559,-1.0127327540877944,4.814444,4.814444,0.276054625,-2.056025,-4.0747447,0.29621896040816326,0.02590901399916988,2.143733787519271,29.02945812,0.25665494726268206,0.16558006707433426,136.6998322640023,1.059721043125,-0.2864055911397192,2.5857518,2.5857518,0.210505045,-0.7311733,-2.0826714,0.1721888063265306,0.17308856714044873,1.0905353508281128,16.87450302,0.26236815670517327
48,-0.18065220515246985,371.18747868461867,0.565517207368421,-0.7666168680555216,4.7792706,4.7792706,-0.641109025,-2.7967906,-4.0321107,-0.2507676313235294,0.36820050997295095,2.090694728805886,-25.578298395,0.23747877758913413,0.04052751107963729,617.3994503283016,1.1286921569599997,-0.04937859866736538,4.7334394,4.7334394,-0.34853294,-2.3704507,-5.687376,-0.23595023042156865,0.04621217732084755,1.9696694371008319,-24.066923503,0.2699798387096774,-0.09945181218749993,195.9492486649754,0.8271812546153847,-0.4641205850909289,2.1391606,2.1391606,-0.08686699,-0.7375686,-2.1327662,-0.09971999852941177,0.07708535626050665,1.0387686974162418,-10.17143985,0.24716966501240695
49,0.11045460426069435,238.4744261668106,1.2633685294736843,-0.8033935490523505,5.2674303,5.2674303,0.066082217,-2.773342,-3.7944262,0.21048371723999998,0.19471555217196096,2.114024788500558,21.048371724,0.2753158689375679,0.1546189830981378,534.9864153613341,1.6355874792307692,-0.11700440260558365,4.668422,4.668422,0.12044053,-1.7852991,-5.50405,0.18058663474,0.0216925640861991,1.9426258520752093,18.058663474,0.25850722000696835,0.05031215286235536,126.95870970173141,0.873130678125,-0.156683242552627,2.47064,2.47064,0.11138112,-1.011492,-2.610267,0.12939386390000002,-0.05086491665849748,1.0649155416888787,12.939386390000001,0.2735593860090589
50,-0.2335297159719071,180.44182711888251,0.5587854917368421,-0.9297681699513678,4.4669766,4.4669766,-0.44286118500000005,-2.9587998,-3.8445213,-0.2402733833877551,0.32744242338221047,2.219705002010711,-23.546791572,0.27322300596852955,-0.11450559555206183,236.97616941597107,1.2015405501923075,-0.9738899134678527,4.013991,4.013991,-0.3943649,-2.3107631,-3.3755472,-0.1571479547244898,0.31631208523592985,1.8577529121148655,-15.400499563,0.2660983346550357,-0.00562789972938142,80.1144848866937,0.7633363094117647,-0.12571420305934922,2.4642448,2.4642448,-0.1060524,-0.5489132,-1.9558349,-0.03951290452040816,0.3284314171139112,0.9926130772149143,-3.872264643,0.2653123104912068
51,0.10629418664786477,259.7842514358944,1.2524326338888887,-0.8522321068770773,5.2866154,5.2866154,-0.01279063,-2.949207,-3.648405,0.09061866554081632,0.24764994626575598,2.212514152125057,8.880629223,0.2416095589527324,0.03818092285793345,272.20332050585034,1.437970349652174,-0.8550802719255346,4.184527,4.184527,-0.0618195585,-1.5177706,-3.1538503,0.11753682390816327,0.13614753112837436,1.7896850293889999,11.518608743,0.2516330132245422,0.1499474100648391,128.73733281665181,0.8281651182352942,0.07407415065172973,2.4535863,2.4535863,0.204642895,-0.5009499,-2.1071858,0.12354039230612246,0.010755834618608883,0.9626036869370769,12.106958446,0.25287605817234643
52,-0.11521962167258025,196.96228138668891,1.2428434517647058,-0.7716104663649341,4.787798,4.787798,-0.3341443,-2.8042517,-3.9361844,-0.08637517579807694,0.38502711275940626,2.1338623587115326,-8.983018283000002,0.2677618437136639,-0.011604752894069974,363.1619617326505,1.6279363466,-0.8837938291107812,4.510677,4.510677,-0.12097436,-1.6371461,-3.7699118,-0.0027674366826923123,0.24990839421500605,2.032431972564321,-0.28781341500000046,0.25488089204257475,-0.024896270138874913,129.64514011636126,0.7199813525,0.045562563594382155,2.6966,2.6966,0.0655495835,-1.0018996,-2.425875,0.03046864065384616,0.13428413302126613,1.074557812587586,3.1687386280000003,0.24879624936644704
53,-0.09089219812089058,221.97673624633606,0.9959180660555558,-0.6011694216881702,5.58612,5.58612,-0.8004537,-2.4717064,-3.114414,-0.14996541366,0.56137308851654,2.0757541086245506,-14.996541365999999,0.25203731804642276,-0.07492251725189701,377.6342916915708,1.3474708762962964,-0.4351503025116563,4.6460395,4.6460395,-0.19718245,-1.9526374,-4.377446,-0.05897380177999999,0.24273368863530834,2.066301137008015,-5.897380177999999,0.24931152700500198,0.04958865100637323,165.12730438105237,0.9511945985714284,-0.5099829744837723,2.2596016,2.2596016,-0.0383709575,-0.44659135,-2.2766557,-0.047046951637000005,-0.0953591752803525,1.0529004017946197,-4.7046951637,0.2506684008960185
54,-0.06841673625290243,225.61802497191545,1.093812492294118,-0.6995827098839382,5.3249865,5.3249865,-0.51906925,-2.341673,-3.0867019,-0.0340435627,0.4503422477523195,1.9251988421521988,-3.40435627,0.2846453068860053,0.017288677838717535,462.06582560700235,1.4017154300000003,-0.3199899055604982,5.6490045,5.6490045,-0.082070902,-1.9100034,-4.927425,0.03940416261,0.25981223631249944,2.2151577772464384,3.9404162609999998,0.25899895157845687,-0.06510107434704698,126.50806798000222,0.7373218892307692,-0.41628746728692656,2.5068789,2.5068789,-0.0271794235,-1.9142668,-2.6219914,-0.03174131923,0.0009378112817749393,1.1060751707180134,-3.1741319230000005,0.2520094746243156
55,-0.02240702067870419,531.6714336662129,0.8035439715000001,-0.5267986373878468,5.8760304,5.8760304,-0.29151014,-2.9055073,-3.5812562,-0.15095133055624999,0.4941100333384737,2.2027883787595335,-14.491327733399999,0.2641386238071321,-0.1714996374497739,620.1480148184379,1.3686398508333333,-1.005791261116776,3.7294087,3.7294087,-0.104986605,-2.140227,-3.3872716,-0.13186595492708333,0.16846530637868348,1.7910733401623096,-12.659131673,0.2657165578436297,0.05654329244274234,233.6124070018433,0.6585696117647057,-0.17570627343027168,2.4173474,2.4173474,0.0341069705,-0.51693743,-2.0528274,0.029998921156250007,0.006473657737739328,1.0029841022695418,2.8798964310000006,0.2714568499423878
56,0.3228475481772406,588.938172763961,1.24957549375,-0.6795074969724744,5.2269278,5.2269278,-0.12470465,-2.9641292,-3.584454,0.033627842696629225,0.3264309376175624,2.1108768121610697,2.992878000000001,0.23278575025176235,0.12418141175579041,628.3996995996888,1.4241529345833335,-1.0551222822033453,3.5855193,3.5855193,-0.020251475,-2.0752103,-3.6633267,0.010981555483146083,0.04559447639432872,1.9507428073511477,0.9773584380000014,0.24391574353810003,0.0962632452794562,244.3662435119497,0.6913556571428573,0.16956030576447167,2.3043673,2.3043673,0.070345536,-0.49029115,-2.3875046,-0.009149860943820224,-0.16581775640803617,0.9528606341794411,-0.814337624,0.22741332182419796
57,-0.2577884228179723,389.5766907292803,1.5656078374705884,-0.2937897240304723,6.262934,6.262934,-0.12044146,-2.7083254,-3.2284598,-0.05306793933944955,0.5510780240044636,2.129148573419933,-5.7844053880000015,0.17324779374115237,-0.018460073407834066,648.522166287943,1.2052628250000004,-1.0128394308521569,3.3989954,3.3989954,-0.26752838,-1.8854887,-3.3265183,-0.012565621596330286,0.1767700554987291,1.6973936679718875,-1.3696527540000012,0.23312852022529443,0.044592664337173814,220.80980272635492,0.7018933064705882,-0.16619971374026443,2.291577,2.291577,0.024514131,-0.51693743,-2.2414827,0.03481094479816514,0.11035235318168311,0.9816251748491734,3.7943929830000007,0.24613716454323664
58,-0.01513315163329913,222.6216042839795,1.11134813025,-1.0902925133211345,3.4821315,3.4821315,-0.19398493,-2.3555286,-2.7701442,-0.041262432257425735,0.2820177486250091,1.862921684544655,-4.167505657999999,0.23879596527068436,-0.9075639555518389,279.79509185668377,0.37988637095833333,-0.3430492756956407,3.6174946,3.6174946,-1.0530599,-3.0046315,-4.5064144,-0.7805929726435643,0.47344911853448046,1.8342756301611471,-78.839890237,0.24976591760299627,-0.03791936931675175,102.71013671175271,0.6361481342307692,0.2470856105472805,2.3118284,2.3118284,0.071411334,-1.6776482,-2.9609315,0.00819933864554456,-0.4212004850039191,1.0779039443587755,0.8281332032000005,0.27437730808517324
59,-0.19759977835454579,147.78330178583857,0.446790630625,-0.8619714560048997,4.054493,4.054493,0.0783395465,-2.7371032,-3.4800005,-0.14430577575,0.0809907680316279,1.8651283240694203,-14.430577575000001,0.28667929292929295,-0.9495480525315659,358.6903535587564,0.8219153050136363,-0.5384843059792637,5.477402,5.477402,-0.714652745,-3.4171152,-4.76435,-0.709589956597,0.3375338479672549,2.236792075739329,-70.95899565970001,0.26140955004591365,-0.2779745229148991,76.84646179460161,0.13049968437500004,0.24788442854181847,2.3160918,2.3160918,-0.13856080999999998,-1.6478046,-2.9801168,-0.30248853166,-0.27822589979997303,1.0651557292691514,-30.248853166,0.27831439393939394
60,0.20104055257427977,213.64146286371582,0.9272891379444445,-1.109190708432326,3.457617,3.457617,-0.09805839,-2.716852,-3.179431,0.06701900317171718,0.1145719657683168,1.899854225600124,6.634881314000001,0.23794284430969626,0.28027513532213244,419.461122645563,1.7720641033333335,-0.86328919553184,4.738769,4.738769,-0.12150726,-0.8505487,-3.5556757,0.14381405126262625,0.19486351369930188,2.128966425666744,14.237591075,0.2741494020549099,0.1819217930447194,104.09286933971904,0.7381008664285714,0.5764259892538699,2.0240488,2.0240488,0.20357683,-0.185458,-2.2958412,0.149347873989899,-0.2786161346411085,0.8481708251477688,14.785439525,0.2503428860174691
61,-0.24188671892147923,118.04138649364205,0.4169838511111111,-1.1006926797302636,3.4906583,3.4906583,-0.357592895,-2.8639393,-3.0984263,-0.19630857886999997,0.2265517864803638,1.9372556707980655,-19.630857886999998,0.2729089271642463,0.026379205836372904,377.893604915307,1.9301207980416668,-1.0906394699076833,4.3412066,4.41475,-0.158811755,-0.5862177,-3.9404476,0.07771080369999998,0.08673975452255632,2.353766758056767,7.771080369999999,0.2507176629517055,-0.05626307021205666,98.3764873075814,0.46500630416666666,0.6013450839642971,2.576159,2.576159,-0.088998715,-0.6896053,-2.2510753,-0.052600025126999995,0.20649577355092552,0.9362056875172808,-5.260002512699999,0.26080715974332996
62,0.02909277836922259,149.615164954334,0.7827331925000001,-1.248531938647898,3.8764958,3.8764958,0.11031492500000001,-2.9140344,-3.3584936,0.012645541979166675,0.047545190563425065,2.1228083260057544,1.2139720300000008,0.24435399159663865,-0.1947491250698531,233.13774226103519,1.4578159390000003,-0.7606500732973767,4.1323,5.1800303,-0.296306505,-2.4162824,-3.7720435,-0.11288048902083332,0.27589996371499853,2.147237582640515,-10.836526946,0.2632834383753501,0.13055119712788857,81.51133918082239,0.5696024835294119,0.3971412590121166,2.2457457,2.7530904,0.10072235,-0.58302027,-2.1700706,0.09534886652083334,0.29839431308750675,0.9624888654959507,9.153491186,0.2749320316361839
63,0.218037839452845,239.66761594268237,0.922072167368421,-1.0326172540845995,4.2069097,4.2069097,0.033573805,-3.1240065,-3.3776786,0.07750952399038463,0.112306014481131,2.0582503768011042,8.060990495000002,0.24179233321643423,0.0850306082419268,511.35643067762487,1.6800076524999994,-0.9974905197801909,4.587418,4.587418,0.052226187,-2.089066,-3.681446,0.09219572284615385,0.18356313393486345,2.1575532739969687,9.588355176,0.2501098337848722,0.17294381913552023,177.15080113775596,0.7978824364705882,-0.05544837278454828,2.4375985,2.4375985,0.0820701045,-0.83242935,-2.3299482,0.07166785266634616,0.11098155978418907,1.0313885868113029,7.4534566773,0.2778062532034854
64,-0.23201921565239791,172.35156502416464,1.009131228571429,-0.9130436547744867,4.2996387,4.2996387,-0.449789135,-2.949207,-3.5237002,-0.26805073569387755,0.29733181075809817,2.144274062037286,-26.268972098000003,0.2830619612465925,-0.29838690923620426,307.3017636465747,1.4311697033333335,-0.7314141599418957,4.400894,4.400894,-0.306965135,-2.3246193,-3.9372501,-0.2331604376734694,0.28437011481585944,2.1584515102326254,-22.849722892,0.2529869348461406,-0.024292246169932894,92.1919216995014,0.7218846835714287,0.584040316028644,2.7072585,2.7072585,-0.071412268,-0.54038626,-2.3843067,-0.06456038374489796,0.3567113568080383,1.0208741402057213,-6.3269176069999995,0.22658955278862447
65,0.0040457806908712965,205.6994813645153,1.7813902577333338,-1.087717538903853,4.0203857,4.0203857,0.157212523,-2.9875777,-3.4053912,0.15573098927,0.13381375811692714,2.1293572240182916,15.573098927000002,0.24854771784232366,0.20707392438329883,407.2595033560163,1.7637529887857137,-0.8174024915142097,4.3763795,4.3763795,0.02611296,-0.8729315,-4.0566254,0.20557016045999998,0.07773397389915138,2.122290791881347,20.557016045999998,0.2492034676941316,0.1439505093068464,142.96146572370483,0.9007056235294117,0.452611982766816,2.8895192,2.8895192,0.173200415,-0.5478474,-2.1114492,0.182398585724,0.46398778527695805,1.057345302938107,18.2398585724,0.2587869172565292
66,-0.15949676702920468,226.04723715928574,0.6411398029411766,-1.0082135412016955,4.0512953,4.0512953,-0.25846897,-3.0525947,-3.6718533,-0.17520723444117647,0.21631267623409703,2.0781531224375387,-17.871137913000002,0.26923760440732186,-0.012368959983887165,279.21886623961166,1.7504532590384612,-0.7864952830177656,4.9817824,4.9817824,-0.25953476,-2.446126,-3.992674,0.02277961385294116,0.3022429524689098,2.211818013294878,2.3235206129999986,0.26435045317220546,-0.024496355324773338,104.82063837620602,0.7919261905882352,0.5724029316836892,3.2838836,3.2838836,-0.054358580000000004,-0.471106,-2.3224874,0.030668986088235293,0.434035694915071,1.073987883050077,3.128236581,0.26828979325869323
67,-0.058304720654040285,288.8447435384925,0.9497431360000002,-1.069586043283444,3.911669,4.3369436,-0.43753168,-2.9726558,-3.5823221,-0.14811082124,0.24221307445272122,2.205060806902203,-14.811082124,0.2815824915824916,-0.07726475635169205,251.3908399646244,1.1527984416923078,-0.4996807394024154,4.70253,4.70253,-0.284582065,-2.4152164,-4.671621,-0.161775036097,0.3229824247139174,2.0107552999593805,-16.1775036097,0.261965811965812,-0.020026188679798045,110.83915414024186,0.6466745385,0.1756388109278051,2.6731517,2.6731517,-0.075142822,-0.7173174,-2.0997245,-0.03623921640700001,0.3400359702232966,0.9883104729108118,-3.6239216407000003,0.26304713804713803
68,0.5186121552368682,296.5849833866207,1.5181031803750002,-0.9469690047500601,4.5234675,4.5234675,0.23448654000000002,-3.02808,-3.5524783,0.23857955145999998,0.10289610470082602,2.097064977639967,23.857955146,0.2785984848484848,0.40966853545878795,425.4457170122254,1.612417521296,-0.932041715378257,4.311363,4.311363,-0.0474307665,-1.2438475,-4.0480986,0.143463084744,0.07013468075307547,2.0596415405194843,14.3463084744,0.2637171717171717,0.10679813317752516,190.56478071797414,1.033874189285714,0.03867160288938054,2.5750933,2.5750933,0.16254178000000002,-0.5425179,-2.4077554,0.16500393568,0.11778965147442833,1.0496768800219367,16.500393568,0.2516955266955267
69,-0.24748300980798382,148.2893357300941,0.923092344375,-0.8854083969518323,4.1909213,4.1909213,-0.259534765,-3.1037555,-3.483198,-0.2508907588,0.29770090586940223,2.0404015747671793,-25.08907588,0.26759095502779184,-0.18190492908666014,310.51792768595027,0.9889445005769232,-0.9590002638888695,4.2260947,4.2260947,-0.29257595999999997,-2.5697646,-3.6867752,-0.10688374577999998,0.247275743455454,2.0782627963873335,-10.688374577999998,0.2550044700120496,-0.07635023346285993,121.96075026035862,0.571361804625,0.07545739594045298,2.334211,2.334211,0.00266449265,-1.0242821,-2.4344018,-0.080759764817,-0.12198124853758407,0.9801829668798755,-8.0759764817,0.25435826174835774
70,0.06736201317769867,242.2168527348468,1.2593013606250003,-0.9190915125835324,4.6726856,4.6726856,-0.09166361,-3.0174217,-3.5013175,0.06174360763636364,0.28078734600640964,2.123049535988309,6.112617156,0.2362843686354379,-0.1364681833877292,509.41125789370994,1.592512704625,-0.5834538088075969,4.6908054,4.6908054,-0.11511194,-1.2992716,-3.4533544,0.03447293684848485,0.3211644182078704,1.9551493150511638,3.412820748,0.2575950441276307,0.1459701090537169,133.1124740573398,0.926436452,-0.03596163835648669,2.7211146,2.7211146,0.17160158,-0.6022057,-2.2233632,0.1535574218989899,0.08825704496439088,1.0072538429619642,15.202184768,0.2600475220638154
71,-0.09559881605775059,227.28202726134307,0.6423309617647059,-0.9677256464139701,4.1386952,4.1386952,-0.42314273,-2.837293,-3.5428858,-0.1356432001919192,0.2184453054124277,2.087589585037778,-13.428676819,0.27129149532153285,0.27898399751646363,343.5982994377389,1.7948909910833333,-0.9102110511262667,4.5661006,4.5661006,-0.12577072,-1.7469285,-4.662028,0.04195539435353536,0.1426664851547656,2.194915786009961,4.153584041000001,0.24596842283012496,-0.0020688755650962107,155.50964383045698,0.9537831535714284,0.14134810129215936,3.0525942,3.0525942,-0.05222672,-0.6896053,-2.2819853,0.011928568939393943,0.4057384496512002,1.1521864225763185,1.1809283250000004,0.2761253437545231
72,-0.1435418425262827,234.08704183858595,1.0672116308555557,-1.0068831546134729,4.773942,4.773942,-0.4700402,-2.773342,-3.509844,-0.12032294930707071,0.34553348343252444,2.227629146095361,-11.9119719814,0.26314717859220477,-0.18426205152277492,393.1443140815925,1.3852209466800003,-0.4654418806718654,5.0254827,5.0254827,-0.38690403,-2.1093175,-3.6579974,-0.17825564705050503,0.38140855514973526,2.0303526870768596,-17.647309058,0.25426178010471207,-0.0643374670824607,151.89549810828217,0.8477311028571427,0.19927909745298944,3.036606,3.036606,0.028777853,-0.76847804,-2.2937095,0.005684223727272723,0.3900363378788508,1.084443144518194,0.5627381489999995,0.27696335078534035
73,0.23021947995358977,270.0380990044849,0.9865892654545455,-0.9756412631144906,4.5501137,4.5501137,0.095925995,-2.9534707,-3.4927907,0.2385829253627451,0.10057216614538918,2.052877963095034,24.335458387,0.2563170163170163,0.2541245581917947,516.4093906317815,1.5397341700000002,-0.7230845239409018,4.836827,4.836827,0.0303765475,-2.2212317,-3.4053912,0.14876935219607845,0.26954736851646327,2.023056010636375,15.174473924,0.2579120879120879,0.11463897099999992,124.70395785970992,0.8732638606249999,-0.07356509817446044,2.121041,2.121041,0.133231025,-0.5915472,-2.1785977,0.1256759475882353,-0.3058579810049435,0.9352636789589477,12.818946654,0.2849038461538462
74,-0.18029851997222257,207.52591171211486,0.40064084666666655,-0.9714911770085393,4.205844,4.205844,-0.302701685,-3.244448,-3.5801902,-0.24146861656,0.26516339449781556,2.0806778588573196,-24.146861656,0.27702020202020206,-0.022382083300504528,269.13319738259986,1.1422924604,-0.8704337749517341,4.7760735,4.7760735,-0.4268733,-2.4418628,-3.732607,-0.14591517084,0.2650526754371167,2.160181549275534,-14.591517084,0.23947474747474748,-0.021705139119393917,142.53329891362702,0.6981941109411764,0.0555134395458472,2.5697641,2.5697641,-0.0554243755,-0.77593887,-2.5079453,-0.047910252646999996,0.044450346151427775,1.0171912815565487,-4.791025264699999,0.27653000594177063
75,0.09217631302224452,248.5588702633315,1.306167442352941,-0.9902786788429174,4.2975063,4.2975063,0.10285421,-3.179431,-3.4107203,0.13571435521000003,0.11886850652608463,2.0768229078437828,13.571435521000003,0.25495152560518647,0.0665547066890802,476.1612421592799,1.5916826573076923,-0.8372097916834105,4.9199634,4.9199634,-0.050095125,-1.991008,-3.4000618,0.16496130458,0.20109049863017214,1.977334203173214,16.496130458,0.26798631095901065,0.2056241304638523,162.49503709500604,0.6998634191249999,-0.2589593523953182,2.0901313,2.0901313,0.17586504,-0.6597614,-1.9718229,0.15271466892,-0.15715221760287415,0.908146642739383,15.271466892,0.2752464610717897
76,-0.19575632187878794,188.7639424179812,0.22513086499999999,-1.0453015581050138,3.8658373,3.8658373,-0.62991774,-2.8543465,-3.3041353,-0.256245734040404,0.2974734129695481,2.058929362700073,-25.36832767,0.2741021324354658,-0.25261562142525273,337.23312489658207,1.7442188113333332,-0.7485038511730551,4.745164,4.745164,-0.49562067,-1.2854152,-3.775241,-0.1263842689151515,0.4249417588862233,2.2221232251877705,-12.512042622600001,0.2658249158249158,-0.05908717030606065,108.78223393824346,0.9626906049999999,-0.2618486465780605,2.662493,2.662493,-0.20144603,-0.47536945,-2.2350879,-0.07558954024242424,0.17277392297153288,1.0321795017787914,-7.483364484,0.2815295815295815
77,0.04080935079155593,158.42266657191095,0.5963113929411764,-1.0515095077446284,3.9308543,3.9308543,-0.11298035,-2.7509592,-3.1591797,0.12018268897894735,0.22234465706969078,2.061943127901116,11.417355452999999,0.28024741495111055,-0.03383924231226724,426.92017366245386,1.4021892853600004,-0.6216529923005822,4.880527,4.880527,-0.19398493,-1.4484906,-4.4318047,0.10601246035789473,0.34995903366810044,2.025781957437804,10.071183734,0.27107806691449815,0.14786332378226238,101.93643630644543,0.9645228253333332,-0.5502300885134623,2.399228,2.399228,0.31655717,-0.7173174,-2.3651214,0.14581919432105261,-0.14527325529841734,1.0941053248906674,13.8528234605,0.26723313860860326
78,-0.2526736489914272,269.6944846201485,0.6926023318750001,-1.0216542107807436,4.0299783,4.0299783,-0.45405218,-3.0067632,-3.3030694,-0.22003232956190474,0.2891232970279132,2.082390498043651,-23.103394604,0.26843797276853254,-0.4247041833381242,513.8247334795216,1.7264634319999999,-0.9547986473121735,4.146156,4.146156,-0.3581262,-1.3866712,-3.9958723,-0.045314163057142844,0.1985924636721286,2.176966904925876,-4.757987120999998,0.2555521936459909,-0.05102272926525455,153.4623829855284,0.6394335764285712,0.5025885443729838,2.5996077,2.5996077,0.03304104,-0.6576298,-2.3246193,-0.04791282774285714,0.24401259213894771,0.9550146748876785,-5.0308469129999995,0.25232331964555865
79,0.0761399008069619,243.06153948402374,1.0246959970555558,-1.1387023477677674,4.053427,4.053427,0.02131674,-3.0248826,-3.5045152,0.013420658734693868,0.12048887896798176,2.206272145681043,1.315224555999999,0.2544831223628692,-0.023411072663238032,384.3429109150128,1.8182470666521742,-0.7760304332715937,4.6193933,4.6193933,-0.0367719965,-2.2137709,-5.2269287,-0.08066776039795918,0.04198551238060852,2.2019530084056154,-7.905440519000001,0.26008989176297925,0.14004145279324906,121.2626951705047,0.7659069752941177,0.19524476465779728,3.0078282,3.0078282,0.0858005265,-0.699198,-2.368319,0.11959238930612244,0.3293095217852749,1.0728307064837033,11.720054152,0.2645507570116654
80,0.02602347231725885,177.78951816017056,0.7877220649999999,-1.0182748644427773,4.3731823,4.3731823,-0.30270182,-3.0248826,-3.3499665,-0.02382519583333333,0.1982307169941202,2.066667156970214,-2.4301699749999996,0.26553863508178227,0.3165885227439092,421.4016877763082,1.864645004814815,-0.8160459071275965,5.5765266,5.5765266,0.0772737505,-2.2191,-4.082206,0.23145633733333332,0.18432834467166778,2.2872996908078145,23.608546408,0.25061101710847905,0.06076154329873105,136.94353456728953,0.9663703297333333,-0.21825734066123248,2.7189832,2.7189832,0.049028795,-0.77593887,-2.0443006,0.06465080918627451,0.2384422360675727,1.0733121523441338,6.5943825369999995,0.272419627749577
81,-0.15956270887022533,155.03534782219216,0.6172522211764706,-1.0714210680102556,4.3731823,4.3731823,-0.38690389999999997,-3.190089,-3.4373665,-0.2199540227083333,0.30637247603561335,2.1262432908472637,-21.115586179999998,0.2780188998676394,0.19256352983699615,247.07321421386098,2.014456098636364,-0.46056894273635995,5.9474425,5.9474425,0.0959259975,-2.320356,-4.951939,0.2913431166385417,0.11825891223042306,2.1041086524483306,27.9689391973,0.2773892773892774,-0.0732098906326531,89.70903023495882,0.5405987860300001,-0.033142812955953005,1.8673686,1.8673686,0.051693288500000004,-0.87506306,-2.0027325,-0.041068859858333334,-0.0203481011739031,0.8566042943698242,-3.9426105464000005,0.23547880690737835
82,0.16194541046532618,263.29659364392126,1.2301159845882355,-1.0670792781167198,4.1855927,4.1855927,0.0676811735,-3.0898993,-3.2870817,0.16756360552884614,0.09482664149781915,2.032936051371482,17.426614975,0.28859000886786873,0.40024347879070304,401.0963203297018,1.8926213212307692,-0.8923622786162362,5.2589035,5.2589035,0.0426334815,-2.7221813,-3.6494708,0.30702596517307695,0.2724068887370562,2.168995580016331,31.930700378,0.2719945883262466,0.1967162227022613,134.9619382532018,0.9187623958823528,-0.29485402894796264,2.1945848,2.1945848,0.14921851,-0.43380123,-2.1103833,0.14758915267307693,-0.15627774499541622,0.9100205694676914,15.349271878,0.24507833284067396
83,-0.28228637354015124,143.3462016703737,0.621515620764706,-0.9999104333935809,4.2783213,4.2783213,-0.348000335,-3.0248826,-3.3723497,-0.25472779568000004,0.3491074518466986,2.0849164296314937,-25.472779568,0.2732620320855615,-0.18008511160353524,384.3667795035758,1.2789376061153845,-0.8523319976953321,4.457384,4.457384,-0.342138285,-2.5281963,-3.7699118,-0.15037045589,0.2858514777382804,1.9976325894264724,-15.037045589,0.262024087024087,-0.06104954522904025,97.31246162783654,0.5789560600000001,0.07129215019928603,2.3875036,2.3875036,-0.0122573325,-0.55957144,-2.4344018,-0.05755620356,-0.1736116746642147,0.9639028846483426,-5.755620356,0.2522411616161616
84,0.15341639753156552,334.16518122673216,1.3198179883333332,-0.717985502672585,4.6726856,4.6726856,0.13856014,-2.6646254,-3.2945426,0.0703884115,0.27196236885004693,1.9710708931956122,7.03884115,0.24214365881032548,0.27748080744469644,443.99652302974846,1.531093183875,-1.0111946085023709,4.0161223,4.0161223,0.11351272,-1.7426648,-3.2082088,0.2012534772,0.1249865786668714,1.9852383920571335,20.12534772,0.24623316498316497,0.1276831395694444,112.102140693466,0.7795286752631579,0.43248834202974207,2.1231728,2.1231728,0.31229372499999997,-0.4135503,-2.2564049,0.13209048034999998,-0.32504284216729373,0.9028043215911375,13.209048035,0.25412014885699097
85,-0.1630435348750001,249.94600246740657,0.13397703349999998,-1.0900904470776507,3.8850229,3.8850229,-0.43699864,-2.928956,-3.3350449,-0.18034427181818183,0.254000241663863,2.0601487327725208,-17.85408291,0.2520918367346939,0.01967062311224485,458.536002652239,1.5624078272000004,-1.1511143441267324,4.575693,4.575693,-0.2611336,-2.2809196,-3.6164293,-0.07875478565656566,0.223487165622226,2.1888311805838456,-7.79672378,0.2550204081632653,-0.059158544536224655,167.43267431779526,0.592612263076923,-0.23504177724953124,1.907871,1.907871,-0.087399885,-0.556374,-2.3938992,-0.06727805867676767,-0.20724174643819898,0.967971535947574,-6.6605278089999995,0.26373626373626374
86,0.16002919057182147,278.9523466911372,1.3014558084999999,-0.6693959200200927,5.8973475,5.8973475,-0.504680205,-2.822371,-3.7102242,0.020016329650000005,0.3129712157242512,2.2337007638974473,2.0016329650000007,0.25342842842842844,0.2455916703931431,499.1801682172976,1.7195548361363635,-0.5111169593448595,5.6415434,5.6415434,-0.005862417499999998,-1.8258015,-4.6215262,0.04202613455,0.15740458316242567,2.152133663827126,4.202613454999999,0.24665574665574666,0.0872531991724223,137.19427239811068,0.7129905484705883,-0.26954216218903015,2.5015495,2.5015495,0.11937500000000001,-0.6554982,-2.0261812,0.11679551793,0.16566075928640164,1.0698260237720427,11.679551793,0.2840487546369899
87,-0.1691015437627589,244.41936891084725,1.1563136690625,-0.5896154478804014,5.1874914,5.1874914,-0.4487232,-2.9577339,-3.6665244,-0.14723835710909092,0.3748585344487745,2.0728210552086774,-14.5765973538,0.26316953006568977,-0.12039371456548803,497.8244628163698,2.0379512026086952,-0.07553556624667834,5.58612,5.58612,-0.10338764,-0.8953146,-6.775609,0.08707638848686869,0.17261353168197466,2.3150624192387674,8.6205624602,0.2681855131049937,-0.011516510542445717,147.90426512039923,0.7716750646666667,0.13622681579263052,2.85328,2.85328,-0.033041574,-0.49135694,-2.3107631,0.0019806615454545425,0.26333527028821313,1.129511476568709,0.19608549299999972,0.26242209870304867
88,-0.011066321618686661,237.26283050858908,1.1085958073157895,-1.094427943717612,4.4829645,4.4829645,-0.075142692,-2.6614277,-3.5343587,0.003804759109999986,0.224682972513464,2.1920076630861494,0.3804759109999986,0.26166932482721955,-0.18975875086363642,473.31522363139874,1.4661207379166665,0.5271604907226735,4.5383887,6.216037,-0.15614725499999998,-2.1146467,-6.3087664,-0.1332848474,0.15669126109214718,2.1488770985146113,-13.328484739999999,0.281986531986532,0.061605258965151524,159.34250374867565,0.88225706125,-0.10249463115194501,2.9694579,2.9694579,0.13216496,-0.61606133,-2.2819853,0.08045003255,0.24433452671436748,1.127595348008412,8.045003255,0.2440340909090909
89,0.032623268202170604,243.6434041721054,1.0826072260555555,-0.8932709177725853,4.244214,4.244214,-0.0873998875,-2.6177278,-3.5279639,0.007695141940000012,0.21343886222004646,2.0852065677974774,0.7695141940000012,0.26103539177744123,0.20683186215093416,379.14395052646097,1.5671681226923075,-0.26682187734844165,5.0254827,5.0254827,0.083136035,-2.0048642,-5.77371,0.07800923325999999,-0.07521375205293415,2.040842149816869,7.8009233259999995,0.2702597755601289,0.07700100017617378,139.97568379362295,0.9388136575000001,-0.060891095851727695,2.5697641,2.5697641,0.088465018,-0.54145205,-2.5708303,0.09508413103,0.08365828933692541,1.088112592904619,9.508413103,0.2632824331145886
90,-0.2669833694446689,234.64560515019647,0.9395464461111109,-0.6244388054486505,6.140362,6.140362,-0.5798227499999999,-2.743498,-3.376613,-0.21644249762,0.45694578132865354,2.181789192857515,-21.644249762,0.2621413733086295,-0.19274785749542667,325.2964221998387,1.5581796861000001,-0.678253093104777,4.184527,4.184527,-0.2483435,-2.0389714,-5.223731,-0.150263821754,0.11878607007419366,2.0483807845487285,-15.0263821754,0.27649010259902895,-0.08694463451667492,126.57632241066649,0.7725411014375,0.05070031382655493,2.5665667,2.5665667,-0.13749501,-0.61286396,-2.3065,-0.06594444919,0.1640045246059071,1.0663346770872968,-6.594444919,0.27517054067710967
91,0.17917554152462167,244.1377220055843,1.3240518104249999,-0.6424053620612469,5.866438,5.866438,0.17373305,-2.995039,-3.2657647,0.25063431672500003,0.26270526860884036,2.151120271996508,25.063431672500002,0.2625757575757576,0.2539219983151516,385.0459699361768,1.6906350625925928,-0.9426540533431687,4.4637794,4.4637794,0.1502843,-2.3001046,-4.373183,0.2271855763,-0.12101916673573085,2.0361379689614547,22.71855763,0.25566778900112236,0.14297405331742433,132.90183195170493,0.7859307799999998,0.327323172335376,2.6070685,2.6070685,0.25367195,-0.4604475,-2.5218015,0.16090040963000002,0.05540883929047398,1.0042899950679853,16.090040963,0.2683396464646465
92,0.36673923237217215,501.8674929314925,0.48513905594444456,-0.6618170802214514,5.362291,5.362291,-0.556374,-2.9918413,-3.5045152,-0.27376671609473685,0.4279958374255251,2.1143613349266093,-26.007838029,0.26877666725115434,-0.701684514018149,511.3438643063445,1.331246303173913,-0.39217007087405475,4.5096107,4.5096107,-0.30270153,-1.9366497,-5.132068,-0.25716188769473686,0.2693303425164957,1.906642932010371,-24.430379331,0.2666559934130778,0.06647681670831121,198.38366810532702,0.80996948,-0.4029524307318515,2.5271301,2.5271301,-0.105519235,-0.65869564,-2.2159023,-0.06940399631578947,0.1849862966397922,1.0766466017539327,-6.59337965,0.2767340497482528
93,0.11811373201747394,490.2157495913495,1.4570726792105262,-0.820079872180143,5.192821,5.192821,-0.015455256200000001,-2.808515,-3.4245765,0.057336128290196096,0.26220454201610427,2.185930626954578,5.8482850856000015,0.25743353228431903,0.34098351827783524,853.6506985683744,1.6114828590384618,-0.5238258628870147,5.2951427,5.2951427,0.038903324,-1.3749467,-4.824037,0.10656380300980395,-0.1244617307903173,2.0048177665256413,10.869507907000003,0.2748413957176844,0.36017865872835075,303.9668639432011,0.9408317352941175,-0.076689274261454,2.5697641,2.5697641,0.221696575,-0.8707999,-2.1732686,0.13680465403921568,0.13499063921886767,1.0219073708669941,13.954074712,0.24730139478471802
94,-0.05406760981288044,220.81760860444052,0.7452318558571429,-0.7239972772470216,5.4102545,5.4102545,-0.16573996,-3.1741016,-3.4053912,-0.10423416837254902,0.33142243979497094,2.1456743348132274,-10.631885173999999,0.25316333429923693,0.23926517602053712,351.68533739186097,1.7352887008000002,-0.7883269388011871,4.708925,4.708925,-0.004263721499999998,-1.9952714,-5.4710083,0.08172529761764706,-0.015985770928326558,2.180889592020433,8.335980357,0.25823529411764706,0.07348900260040565,126.37936726672658,0.8630015678947369,-0.22410715797786018,2.8436875,2.8436875,0.043166380000000004,-0.6896053,-2.1039884,0.05030360995392157,0.2791636347052935,1.100380176815533,5.130968215300001,0.2659069072275008
95,-0.24788070434343437,232.6007050790966,0.6479179952777776,-0.992631152493197,4.857078,4.857078,-0.6123312000000001,-2.7040617,-4.1845274,-0.16197755442000003,0.31008902135102057,2.1891809527415425,-16.197755442000002,0.24755892255892256,-0.18350336528181835,394.8663329798395,1.1268490683461538,-0.6238984168978599,3.9223273,3.9223273,-0.18545814500000002,-1.8705671,-4.0992594,-0.18091770143,0.1784091129467852,1.9407766593401858,-18.091770142999998,0.2666083916083916,-0.01922599124707071,127.75872631491254,0.7977883495000001,0.6902244331778915,2.9385478,2.9385478,-0.05489161349999999,-0.4934891,-2.424809,-0.059133684547,0.4930439030618838,1.0642995564815096,-5.9133684547000005,0.2791847041847042
96,0.2997749736747593,246.60237965424596,1.7274289705882349,-0.8961292519362405,4.937017,4.937017,0.179062565,-2.7125885,-3.509844,0.23581899387000002,0.09328190480955133,2.1223476054365116,23.581899387,0.25784760034514564,0.24829715906676778,307.8668476338954,1.5015539050000004,-0.828749578874246,4.4030256,4.4030256,0.21423546,-2.547382,-3.8754306,0.19548721646,-0.0637775777224752,1.9903003125639014,19.548721646,0.2647770792687333,0.17942668068715212,125.20502036194662,0.7693750776842105,0.5459547972209284,2.6028054,2.6028054,0.23821723,-0.20464343,-1.884423,0.17436211403,0.30601845688425755,0.9178851243278341,17.436211402999998,0.24268562148923142
97,-0.11352786353683168,186.1102795821313,0.42667624368421053,-0.8933647615114095,4.0949955,4.0949955,-0.5590385499999999,-2.9108367,-3.0941627,-0.2343274367,0.4311267491499097,2.044435746171105,-23.43274367,0.26052897126772534,-0.12739335719550937,276.4540731593756,1.4584661480800003,-0.8144133892935037,4.7217155,4.7217155,-0.27179197,-1.7661136,-3.9084723,-0.08619563615,0.3492401782137759,2.1239756694831455,-8.619563615,0.26181634712411705,-0.08351222487815317,156.73288390492348,0.6745406056666664,0.5282587490170352,2.8639386,2.8639386,0.07833981500000001,-0.74502945,-2.679547,-0.06054058587999999,0.2028897793093612,1.0625313951282256,-6.054058587999999,0.2801883619239825
98,0.007767860659010809,270.77971841720006,1.1534862783888888,-1.0508315468601481,4.2985725,4.2985725,-0.24461294500000003,-2.635847,-3.0877678,0.010551606609999984,0.2559375759237097,2.025823069470131,1.0551606609999986,0.2610073475797857,0.046817494772841986,381.7996742280845,1.5047514725000002,-0.46926177931526647,5.68098,5.68098,-0.125237685,-2.408821,-3.5961783,0.0755897925,0.31765125249468834,2.0576498824915177,7.55897925,0.25731953558808685,0.14610397815068155,131.22140618858478,0.9758166394117647,0.2401101511417023,2.9481406,2.9481406,0.122039355,-0.4124845,-2.0261812,0.12304139747000001,0.4640679424616912,1.0283293205728574,12.304139747,0.26501766784452296
99,-0.09991700919949507,196.8690083765564,0.9883756901875002,-0.6542334766396949,5.0595894,5.0595894,-0.34746715,-2.4717064,-3.1431918,-0.16824472977,0.35964990795935137,1.91206086119346,-16.824472977,0.2755681818181818,-0.01850520697777781,378.5985319659553,1.3003366423809524,-1.0392187024516115,3.8999448,3.8999448,-0.2259602975,-2.1103833,-3.9905427,-0.10958036189399999,0.18099412123155487,2.0168228289850445,-10.958036189399998,0.25685425685425683,0.012856626082828126,143.80967636412163,0.8397640764882353,0.18816960178920006,2.8010535,2.8010535,0.0058617509,-1.016821,-2.3597925,-0.017458950780000003,0.18570553342604051,1.0396250889881706,-1.7458950780000002,0.28853238265002973
100,0.00420467118281496,160.48160780815408,0.8178828038235293,-0.2336581182142603,4.883724,4.883724,0.27552184999999996,-2.5878842,-3.3094645,0.09492559724489796,0.04165915174267548,1.615082561639068,9.30270853,0.26760056393796683,-0.34994593160632365,304.49696921053766,0.8573306100000001,0.1600878309708622,3.3158593,3.3158593,-0.34107223,-1.1276698,-3.6228244,-0.22586266475510203,0.3928916227039941,1.284788456114803,-22.134541146,0.24324324324324326,0.009259148810300925,114.96393247420976,0.5069445924999999,0.17787180451452933,2.1881895,2.1881895,0.0159874885,-1.090365,-1.9771521,-0.031236269285714286,-0.0532596860838071,0.7950107953059254,-3.06115439,0.2702702702702703
101,0.05458681129040814,134.17397021152217,0.7054042682352941,4.637776756682836,1.9771515,1.9771515,0.153481965,-0.24301425,-3.6036391,0.041426456581632645,-1.4300921490870417,0.8846698628297264,4.059792744999999,0.2689298294834627,0.2235821887064124,150.13648684796516,1.4093578714285715,0.24771976399705542,2.8639386,2.8639386,0.529194085,-1.5326927,-3.7656484,0.2118319253877551,-0.7863409856331444,1.4691063977563816,20.759528688,0.2762510409569233,0.0175955077896132,53.911013399599064,0.2762970335909091,1.9295742025516471,0.8089799,0.8089799,0.0405021515,-0.3304136,-1.3333787,0.0388923138877551,-0.8041208468329399,0.3936577657390778,3.811446761,0.28065231006407476
102,0.4015984088771297,77.20456309694002,0.779753087368421,0.7264814276909823,3.6270869,3.6270869,0.19398439,-0.99124056,-2.1306345,0.3482957581414141,0.7156344602162967,1.1421533319405346,34.481280056,0.209004700703747,0.7274618114747033,116.96184230979382,1.3927990641999999,-0.17606653671988415,4.788863,4.788863,0.18439168,-0.84415364,-2.27559,0.634718705979798,0.5938779040517552,1.5000069535278648,62.837151892,0.23595766649457925,-0.8926524314532782,53.86670000252783,-0.08709552771428572,1.3386102234614619,0.8132431,0.8132431,-0.52013534,-0.93155324,-3.8850234,-0.8141697433737374,-1.2870305910603794,1.0002177847349023,-80.602804594,0.19337709270595177
103,0.027173383109927802,30.774502934526136,0.12257245996111113,6.400576741748029,0.33574232,1.037072,0.054891212499999995,-0.05222672,-0.61392975,0.053825121887,0.30206797860926055,0.20031081993276656,5.3825121887,0.2874906882127099,0.11851351165987621,45.33947657262353,0.2554306196,1.26776567908309,1.2353197,1.2353197,0.03357394,-0.11937566,-0.24194846,0.14537095731,1.1798746565242588,0.30477951931615727,14.537095731,0.2377514182568334,-0.09475022206101082,35.15735767196081,-0.025428433476190473,4.819185952980494,0.40928605,0.40928605,-0.0852683,-0.20251183,-0.5936788,-0.092580047252,-0.6302383094190083,0.13066121689735538,-9.2580047252,0.2516515631523367
104,0.019943370442204168,11.908362320915703,0.07799483960588237,1.323768594476288,0.38903484,0.38903484,0.026112828,-0.075675584,-0.20570949,0.016074446285714285,0.5276097829754915,0.10827060769840179,1.575295736,0.2627490813491471,-0.007416062212849164,8.761740817468622,0.041923112505555554,1.2186745128541148,0.37624475,0.37624475,-0.009060074,-0.19931445,-0.29524097,-0.009679973642857144,0.37241899035223996,0.11550515186183719,-0.948637417,0.2746741154562384,-0.007069633254418483,6.237629378275388,0.02124563453333334,1.2195296056368292,0.20677476,0.20677476,-0.01279063,-0.045831937,-0.23448734,-0.006982732534693877,0.41820864926211726,0.07607754296551476,-0.6843077884,0.253157271034366
105,-0.007625893827385157,15.518578850956718,0.05217557386666666,9.267300583254759,0.38583744,0.38583744,-0.007994010499999999,-0.053292517,-0.4039576,-0.010680122901,-0.3116694924312359,0.08469195000643585,-1.0680122901,0.2662195620297589,-0.007330515209969711,10.771621559208329,0.045712776983333335,11.486396999562615,0.4199443,0.4199443,-0.019718577,-0.05542464,-0.20144603,-0.010808010455,2.1542854836838057,0.07315574162802328,-1.0808010455,0.2533232374221773,-0.004032647902347302,10.269130004909734,0.050427703312499995,1.1947610850003763,0.2366184,0.2366184,-0.0063953149999999995,-0.06501735,-0.13536341,-0.002814173009,0.3148826560707774,0.0643655171428075,-0.2814173009,0.28069787985865724
