,gx Area Under Curve:,gx Average Slope:,gx Avg Peak:,gx Kurtosis:,gx Max Peak:,gx Max:,gx Median:,gx Min Peak:,gx Min:,gx Mode:,gx Skewness:,gx Standard Deviation:,gx Sum:,gx Time To Peak:,gy Area Under Curve:,gy Average Slope:,gy Avg Peak:,gy Kurtosis:,gy Max Peak:,gy Max:,gy Median:,gy Min Peak:,gy Min:,gy Mode:,gy Skewness:,gy Standard Deviation:,gy Sum:,gy Time To Peak:,gz Area Under Curve:,gz Average Slope:,gz Avg Peak:,gz Kurtosis:,gz Max Peak:,gz Max:,gz Median:,gz Min Peak:,gz Min:,gz Mode:,gz Skewness:,gz Standard Deviation:,gz Sum:,"gz Time To Peak:
",ax Area Under Curve:,ax Average Slope:,ax Avg Peak:,ax Kurtosis:,ax Max Peak:,ax Max:,ax Median:,ax Min Peak:,ax Min:,ax Mode:,ax Skewness:,ax Standard Deviation:,ax Sum:,ax Time To Peak:,ay Area Under Curve:,ay Average Slope:,ay Avg Peak:,ay Kurtosis:,ay Max Peak:,ay Max:,ay Median:,ay Min Peak:,ay Min:,ay Mode:,ay Skewness:,ay Standard Deviation:,ay Sum:,ay Time To Peak:,az Area Under Curve:,az Average Slope:,az Avg Peak:,az Kurtosis:,az Max Peak:,az Max:,az Median:,az Min Peak:,az Min:,az Mode:,az Skewness:,az Standard Deviation:,az Sum:,"az Time To Peak:
"
0,-0.09438682223590147,170.27447830156436,0.4575334992,0.4063157267524833,1.9185295,1.9185295,-0.009593239,-0.46790862,-1.4484906,0.03019877570114942,0.3281283963648291,0.6085352795582515,2.6272934859999997,0.28794897616649884,-0.9391928562580562,191.36569537880146,-0.22673029449999993,-0.30280680852371766,1.1756322,1.234254,-0.4124845,-2.112515,-2.9587998,-0.6127047906896552,-0.5232611702717329,0.9051948684262202,-53.30531679,0.2786729327514826,0.7354786135236656,127.58959854477197,0.650320437142857,-0.35367378100968194,1.9537027,1.9537027,0.23981579,-0.29950416,-1.1351306,0.36323401350574713,0.26883243753483466,0.6998832609444045,31.601359175,"0.29898575744497197
",5.497687879617514,489.1808804175199,5.72963513,-1.0656671028299276,7.013815,7.013815,4.35175025,4.1498203,2.1189935,4.5570523075,0.16344735523117762,1.4392171812479622,182.2820923,0.32898842476094614,-2.1101344285606447,291.93335769168175,-1.707862742857143,0.5228847589757808,1.017584,2.9759614,-1.5237564,-6.4104195,-15.345339,-2.75222919925,-1.0552717662328086,4.578995486789745,-110.08916797,0.31813933424401464,3.0049367333553088,288.30812683431714,3.5409914040000006,-1.4224819612725645,9.999805,9.999805,1.7732126000000001,-0.56208116,-3.9815702,3.50932102255,0.09195750025801354,4.055938824535697,140.372840902,"0.31786612984398593
"
1,-0.012910910265459177,64.52921505188885,0.18769589299999995,2.2219087437294283,1.0637182,1.0637182,0.001065797,-0.1705366,-1.302469,-0.014140552751111111,-0.5008112399117097,0.3617789583078778,-1.2726497476,0.2641071428571429,-0.16048500527436238,106.98726770243312,0.2336146077954545,10.74323960359408,3.6803794,3.6803794,-0.11244745249999999,-0.2728579,-2.5623038,-0.06366711846888888,1.7971907611606819,0.7087545000136072,-5.7300406621999995,0.25426716141001854,0.05416797830844382,18.980617847788235,0.15950101194117644,10.81263954130341,1.8556446,1.8556446,-0.0047966195,-0.56063724,-1.3610908,0.011558244603333333,1.125457455921337,0.34333233930254947,1.0402420143,"0.2416266506602641
",-2.5285643160504847,142.90411036233417,-1.6435655694444442,3.4266345155733866,3.8615198,3.8615198,-2.9812005,-3.6663258,-5.6899676,-2.53246001185567,1.9398330406966615,1.972668788570017,-245.64862115,0.2516289874780441,-8.136044236629271,376.6929486123732,-7.540861642857142,5.113918556768143,2.9123437,2.9123437,-9.29552,-9.423504,-12.679234,-8.377099316907216,2.327532345009352,3.0880365226235633,-812.57863374,0.24880406012481485,0.1733166543518614,226.99375244918946,1.2615969559090907,42.93202765862856,3.987857,3.987857,0.6912625,0.06436615,-12.546459,0.47861657260309276,-5.623086511015152,1.611205808396044,46.425807542499996,"0.2854063325761439
"
2,-0.5138929587302679,19.376069767809522,-0.10338774392307694,0.7116902866038108,0.20357683,0.20357683,-0.006395315,-2.224429,-2.7722762,-0.4854465463292929,-1.5219221049432037,0.9089359549849152,-48.0592080866,0.19042523679308843,-0.07211130305383825,36.21017156512693,0.3092601213846154,1.9282248017728092,1.1404591,1.1404591,0.035172634,-0.16520707,-1.6797798,-0.07238122715151515,-1.3099687988329634,0.5182719790076461,-7.165741488,0.21218245947766814,-0.10492336629319934,15.635719119864227,0.004110835214285727,3.3661813047333666,0.24194792,0.24194792,0.015987223,-0.9059728,-1.2736912,-0.1097936138929293,-2.0725581273952542,0.32604415018708616,-10.8695677754,"0.24122322808567012
",-3.327891574971722,103.04285821132662,-2.844843491875,0.8882643842303795,0.0,-0.73841447,-3.3816178,-3.9833665,-5.0421147,-3.260498970990099,0.7926766698788962,0.7516141921846802,-329.31039607,0.2602185089974293,-8.987906469357327,74.70582719517472,-9.216120785714285,3.3545052689613453,0.0,-2.4360342,-9.201815,-11.219319,-12.934902,-8.949386216831684,1.546703676361243,1.900731419991255,-903.8880079,0.22556004406904148,-0.5048860432969149,65.65667793250759,0.3281793156470589,0.15613797173478927,1.737437,1.737437,0.34218842,-4.123625,-5.6886206,-0.4981255291782178,-1.2639009038623406,1.9829538695304865,-50.310678447,"0.24306668682897323
"
3,0.14499563432323226,81.08621653292712,0.3630992266666666,-0.2555145049090557,2.3725817,2.3725817,0.48922496,-2.1583467,-3.5034494,0.211656159772,-0.741339195312653,1.4705997539216662,21.165615977199998,0.264983164983165,0.04763243053964625,151.5851109224931,0.35826740380000005,0.14919438893309067,3.2007473,3.2007473,0.096459163,-0.9240924,-1.6861749,0.15107328357,0.5009410982944293,0.9887929561383051,15.107328357,0.25404040404040407,-0.08119170147098487,24.314166385308855,0.20641930466666664,1.8297376080211052,0.7674114,0.7674114,-0.0442331085,-0.0831367,-1.6883065,-0.087368032067,-0.9281746848189433,0.4513094865852912,-8.7368032067,"0.314702581369248
",-2.305351367959596,204.2454037140347,-1.5174643953333333,-0.20914649550807418,1.2407699,1.2407699,-2.21988365,-3.2039373,-5.720953,-2.2923465307,-0.1089609081227035,1.4646778838014478,-229.23465307,0.2768350168350168,-8.546189016363638,251.24393158438698,-7.8586162222222224,-0.6683946873668076,0.0,-2.742896,-9.110954,-12.948074,-14.273418,-8.575371943,0.2613935943437953,2.895032521124994,-857.5371943,0.25465768799102134,-3.0363440124449492,405.68116983598793,-1.0673340364285715,0.3464679468324747,8.636141,8.636141,-2.7504554,-6.768774,-11.128907,-2.82610510029,0.09352960508337148,3.492260604550848,-282.610510029,"0.24036796536796537
"
4,0.2199677005636364,42.41194640077033,0.37517883083333325,-0.7043528056689179,2.355528,2.355528,0.58621727,-2.0752103,-2.8159761,0.23759895919000001,-0.5688638315520381,1.453048572144366,23.759895919,0.26835016835016834,0.0030766468065656608,87.80356980369733,0.34093844400000006,-0.531745846727552,2.4685082,2.4685082,-0.078340215,-0.9390144,-1.6083677,0.043006730563,0.5428246881658003,0.9891168454743583,4.3006730563,0.24094065656565658,0.021287900183585888,22.627515364056492,0.15952194608333334,1.047732178824707,0.88252336,0.88252336,0.0602201985,-0.75462216,-1.6083677,0.007727117359999999,-0.7545573402085897,0.49069491210801613,0.7727117359999999,"0.2771885521885522
",-1.546769418890909,116.17244629366446,-0.6241021518666667,0.7475162518616143,0.9690848,0.9690848,-1.34517775,-3.064577,-5.1135163,-1.48449896514,-0.8971767077525008,1.2210170565631648,-148.449896514,0.25882154882154884,-9.070158003585856,126.51685755579634,-8.93374865882353,0.852659569665922,0.0,-2.9268637,-9.427769999999999,-11.4504385,-14.935342,-9.10510982,0.44527430678823987,2.3601001411472167,-910.510982,0.2600118835412953,-1.8689853498727276,197.30664391520125,-0.470405105,1.237756856765941,4.849765,4.849765,-1.25993,-6.3367724,-10.421029,-1.86997436582,-0.7983966004269976,2.6210590754450607,-186.997436582,"0.2527497194163861
"
5,-0.12909089656060596,53.525299963209854,0.5487601685714286,-0.5022396554208228,2.2553382,2.2553382,0.482296885,-2.2958412,-4.292178,-0.12271161855,-0.6907040068152419,1.5735534153286448,-12.271161854999999,0.23023088023088023,-0.10520186537883812,78.90511245346029,0.4717449309333333,0.11914846980918492,2.9385478,2.9385478,-0.13003403,-0.9997674,-2.2883804,-0.055211347999,0.3750023449477557,1.0698911011656453,-5.5211347999000004,0.27296296296296296,0.043224746925757535,23.576393303689205,0.3649079809090909,0.5877215759653516,1.02215,1.02215,0.10978229,-0.0724782,-1.5284294,0.03162345471,-0.7030586855960655,0.47853042321759587,3.162345471,"0.29219467401285587
",-1.6565625150732324,237.81131109766235,-0.8097660861111111,-0.30562985495998074,1.0786569,1.0786569,-1.77949955,-3.4384997,-5.8013363,-1.7224980563,-0.26624677267620983,1.5158403178210882,-172.24980563,0.26888327721661054,-9.706682403055556,243.201965054608,-9.49813858,-0.08950605584943672,0.0,-2.6125174,-9.596917999999999,-13.201198,-15.671511,-9.673253425,0.4845903435447141,3.0423739803230907,-967.3253425,0.2611111111111111,-1.8357526060997476,243.0852655066865,-0.0035308771764705517,1.80925221973943,3.562292,7.720645,-1.1002121,-4.834197,-12.692555,-1.75779015468,-0.6468880691114307,3.0163839844304197,-175.779015468,"0.2535056446821153
"
6,-0.15536745355779902,73.9101219325423,0.31738604,-0.7651728431358702,2.653966,2.653966,0.099123655,-2.744564,-3.434169,-0.17264669548,-0.27827030275677167,1.6309962543092338,-17.264669548,0.2990072354029951,-0.7797196242612316,99.30285493024992,-0.41029330611111114,0.044341401928931656,2.4290717,2.4290717,-1.05572475,-2.2627997,-2.695535,-0.76352195677,0.9235170939991271,1.339047470631924,-76.352195677,0.2827135565651467,-0.2715628609982332,31.62320873891443,-0.08793294250000003,-0.028013842205285577,1.0839691,1.0839691,-0.295773595,-1.0669161,-1.7010971,-0.24205485148,0.09851364195671086,0.5511850315946933,-24.205485148,"0.3037787553183818
",-2.1031537350283838,230.80955263522364,-1.1647478846666666,0.04273441286019297,1.1419753,1.1419753,-1.9511924,-3.9442978,-7.1585636,-2.066761138664,-0.5354644506389505,1.7909724907263618,-206.6761138664,0.2864309764309764,-8.357807903762627,443.00536418580174,-7.110196558823531,0.5469132802664212,0.0,-1.9318826,-8.8362005,-11.798764,-18.807789,-8.569149381999999,-0.0007439047765627493,3.281373468510416,-856.9149382,0.2463458110516934,-1.772682962958207,402.20964284604435,-0.4136372205263156,1.698466017738868,5.5178256,5.5178256,-1.4269078,-5.7775354,-14.398408,-1.824082800675,-0.7517295430283918,3.3765249170494167,-182.4082800675,"0.276528442317916
"
7,-0.022919044882070763,67.26951389639508,0.7736291366666666,-0.055922364128658586,2.2052433,2.2052433,0.5808876,-1.0509284,-3.4139175,0.08147800168686868,-0.9413047645748964,1.4636315110154265,8.066322167,0.2492003367003367,-0.533786578820202,119.51443730748318,0.06321281923076925,-0.0014900381910236682,2.3118284,2.3118284,-0.30909687,-2.5857522,-3.6153634,-0.4281382422020202,-0.3470520490197248,1.257320228421646,-42.385685978,0.24755244755244754,-0.1617099251176768,52.33050644385641,-0.055576754214285706,-0.2072033201245449,0.943277,0.943277,-0.07993878,-1.0519942,-2.029379,-0.1810871219191919,-0.6066229869791352,0.6374030603177193,-17.92762507,"0.22936507936507936
",-1.39570171730101,334.94181911918514,-0.22962249928571427,-0.6057813843975226,1.5563136,1.5563136,-0.8961863800000001,-3.9731877,-5.124743,-1.2727268543699999,-0.4636249556231852,1.591137398126058,-127.27268543699999,0.2604978354978355,-9.19647390969697,288.40710684947686,-8.788781949999999,0.898827028081381,0.0,-2.564018,-9.4942315,-13.32529,-14.76829,-9.3327729,0.6219448218098519,2.5099163069229666,-933.27729,0.2878226711560045,-1.2175700864,593.2145060698734,0.04718936400000006,0.44539485595813266,4.820426,4.820426,-1.0715466999999999,-4.7431865,-8.3780775,-1.32809220864,-0.3823420543369231,2.716095348920446,-132.809220864,"0.26815656565656565
"
8,-0.47853201367423104,75.67661598235793,-0.15076967363636362,-1.2532750440432905,2.1871238,2.1871238,0.017586188000000003,-2.3811092,-3.9948058,-0.48483415654,-0.21251827211271546,1.650867863387882,-48.483415654,0.27469857424471644,-0.1679520208971256,112.73935907270929,0.6586949354999999,-0.125051187473316,3.2423153,3.2423153,-0.377311335,-0.76208323,-2.3853724,-0.16139131429,0.5767206407499027,1.2909203791064607,-16.139131429,0.2616886391470355,-0.10742512737266766,50.88679128223247,0.23661837299999994,0.10417595585795114,0.8558771,0.8558771,-0.058622032500000004,-0.20144603,-1.6701871,-0.08654732437,-0.6243926990938901,0.5304301631371867,-8.654732437,"0.2723651033787191
",-1.3364945786861755,286.8726626071695,-0.4118899207142857,-0.1489422821642683,2.2022204,2.2022204,-1.64575265,-2.934348,-6.7120423,-1.50002019866,-0.25914852768353625,1.7554715979595328,-150.002019866,0.2575681130171544,-9.39603013524218,390.9182180608997,-8.753347382352942,-0.26042219024788604,0.0,-1.0524614,-9.80094375,-12.1749325,-14.975608,-9.368389817,0.7205937987555278,3.4139731158755575,-936.8389817,0.279070457648246,-2.132749633498991,513.9459383130804,-0.5293408972222222,2.2103232307677905,4.9567924,4.9567924,-1.9508931,-4.2382865,-13.909824,-1.8251725279,-0.6842183349018409,2.9219839045648737,-182.51725279,"0.2823747056844938
"
9,0.25814953951911157,53.93938094206822,0.42005116400000003,-0.4435240522042272,2.2254946,2.2254946,0.58621716,-2.2819853,-3.3744812,0.2281777165050505,-0.7473716138976108,1.4708533233973726,22.589593934,0.2808884297520661,0.25144777306456617,121.18622581567118,0.6032707508823529,-0.629123917598315,2.5271301,2.5271301,0.12896757,-0.8835897,-2.0123253,0.216754808,0.14260432331415765,1.1455058359396613,21.458725991999998,0.23401798736023335,-0.03437399138842968,42.78128317607008,0.2320884675,0.45282354270170755,0.885721,0.885721,-0.0010663297,-0.20464343,-1.5422853,-0.05183940033030303,-0.5343144400237569,0.4527744439693713,-5.1321006327,"0.3096590909090909
",-1.4560735033261882,228.83830508484323,-0.616680096875,-0.7329024126242216,2.1239333,2.1239333,-1.5298935999999999,-3.3178506,-4.605473,-1.39172789418,-0.020556065744069738,1.5961272472808443,-139.172789418,0.2775374483471074,-8.795278062861572,216.73663900803334,-8.455777723076922,-0.29316684381411173,0.0,-1.4278808,-9.3913955,-12.323124,-14.183156,-8.633262542,0.6799397697632302,3.120562219220423,-863.3262542,0.27320406865861413,-2.6643180086221596,316.64068409938676,-0.9998739110312501,0.2981292056977609,4.9865804,4.9865804,-2.2032683,-5.508994,-11.636801,-2.758222755465,-0.42699206940938933,3.2093586962709604,-275.8222755465,"0.2597494834710744
"
10,0.20554938448939386,49.486205161052894,0.5621125761538461,-0.3691481088784707,2.3565938,2.3565938,0.5894146849999999,-2.5985425,-3.0270143,0.20787239346,-0.8154281954634713,1.5131629831820295,20.787239346,0.2631701631701632,0.01408638901724748,87.06481606219481,0.6852650885714285,-0.11940894974066874,2.4940886,2.4940886,0.08047140750000001,-1.487927,-2.5708303,0.003453033608999995,-0.001669398330747964,1.201446260751322,0.3453033608999995,0.26313131313131316,0.04055068399520202,46.546485872430104,0.2749001849166666,1.0185606212418747,1.1329982,1.1329982,0.033574072499999996,-0.9155655,-1.8289988,0.028830921063000003,-0.5434129188653353,0.5287667602170362,2.8830921063000003,"0.24175084175084177
",-0.9756686284743433,144.64476923943258,-0.46931353315789476,0.07959782199553356,1.3635145,1.3635145,-0.7616162,-2.6312284,-5.5342913,-0.941706714538,-0.6067368253209632,1.38136854249632,-94.1706714538,0.2637692716640085,-8.913441290252525,157.09838810781602,-8.617377023529412,0.5532181669221652,0.0,-1.5326629,-9.30053475,-13.98377,-14.198574,-9.006726849,0.7933385500460067,2.809287102111863,-900.6726849,0.2349673202614379,-1.7099715947707828,199.2645157365936,-0.7065756947850002,2.364460614940435,4.864135,4.864135,-0.98959215,-7.0196524,-12.890893,-1.833956266207,-1.1852631139210388,2.799522924774643,-183.3956266207,"0.23704545454545456
"
11,-0.2434530595694794,71.42825401621789,0.3156333593333334,-0.7584491064687438,1.4474238,1.4474238,-0.0293112835,-1.7426648,-2.9129682,-0.26549289857,-0.5898871133449811,1.208048268364276,-26.549289857,0.27343776318005725,-0.9122480813592725,108.8332669201903,-0.2789569222222222,0.178733965878775,1.1873565,1.1873565,-0.77327452,-2.2372193,-3.7944262,-0.8933318377,-0.40230073806828415,0.9113933915129678,-89.33318377,0.24981752849362754,-0.138384181369707,31.125580226165116,0.13316434901874996,-0.7003713595013012,1.042401,1.042401,-0.07834021,-0.99124056,-1.2800862,-0.130311148427,-0.20425542879944988,0.5404050157904403,-13.031114842700001,"0.2735598787266296
",-0.8723599370606064,249.7543639068197,0.4101096793749999,0.06474348611158165,3.7688627,3.7688627,-1.44741505,-1.5955321,-4.2052054,-1.01754351425,0.6887256526220876,1.749844116367091,-101.754351425,0.260479797979798,-10.106881581540403,413.03369850076405,-8.074783366666667,0.4627174831246159,0.0,-3.81826,-10.00489475,-10.336755,-17.18696,-9.949171602,-0.27390990898825157,2.7065762049588353,-994.9171602,0.3002946127946128,0.11277547969697062,407.12671233360226,2.050096788,1.6697732559713598,6.20804,6.20804,0.42062531000000003,-1.0023156,-8.36715,0.018163225909999997,-0.8427998511783636,2.5825070286651886,1.8163225909999996,"0.26313131313131316
"
12,-0.012365021287266274,66.85607250944194,0.8042723216666667,-0.48332183498218484,2.0443,2.0443,0.53345752,-1.3280494,-3.1911554,0.04527700551000001,-0.7247292749468544,1.3944697051440635,4.527700551000001,0.25825332659592387,-0.5258088032809498,153.1795600811174,0.12767325457142853,-0.3767730628339252,2.2500088,2.2500088,-0.4007598,-2.6262546,-3.1229408,-0.44595196512,0.043080902138689495,1.3367132546865668,-44.595196512,0.2365913520537068,-0.18301278880697322,40.708344061174316,0.1380272325,-0.01821811077543556,1.1937516,1.1937516,-0.19771534000000002,-0.80045354,-2.0304446,-0.19821643408,-0.33256852086311195,0.6719747535359698,-19.821643408,"0.25298972545056425
",-0.8646009174494951,166.4931942662369,0.12295857642857162,-0.10005980733702957,3.9556742,3.9556742,-0.99430732,-2.7967842,-4.6038265,-0.82032861834,0.2417306929741646,1.7124377872253664,-82.032861834,0.2854978354978355,-9.532106704949495,173.51106837867763,-8.661126708333333,0.5865604430912046,0.0,-3.476221,-9.571995000000001,-13.054802,-16.033907,-9.405051588,0.13783831905352298,2.4862705988810014,-940.5051588,0.2268097643097643,-1.633343699679293,265.4778935305956,0.2741382772222222,0.07061397820072957,4.4575806,4.4575806,-1.0081535,-4.387526,-8.916807,-1.53226613102,-0.4621357608557297,2.788253760905724,-153.22661310200002,"0.23745791245791245
"
13,-0.21773236244820607,60.14922945636061,0.15222236545454548,-0.7779971485565578,2.2382846,2.2382846,0.38050819999999996,-2.33208,-3.6665244,-0.17552449174999998,-0.5099990832226562,1.5276304223682224,-17.552449175,0.2932610593045156,-0.013281977274886298,74.19370248770078,0.734170459,0.2515185630413517,2.9790504,2.9790504,0.116177338,-0.8494829,-3.07178,0.0436249094,0.0013043959982430241,1.2760334270233882,4.362490940000001,0.28830848913592727,0.03768062121591712,40.7014680712368,0.2432419042857142,0.7186610111181309,1.1393932,1.1393932,0.15188341,-0.51693743,-1.5774583,0.008345286868,-0.6425760407710224,0.4922732146139867,0.8345286868,"0.2823937053345846
",-0.9734907656538653,242.95176430947467,0.006049185294117625,-0.29037392904072235,1.8781444,1.8781444,-0.869616615,-2.9053085,-5.647007,-0.9444160782100001,-0.39941386873465323,1.5499998963231945,-94.441607821,0.23089498558392532,-9.691715023926227,313.3427164069826,-8.58628575882353,0.2600828136571143,0.0,-1.7286054,-9.8828235,-12.229269,-15.137721,-9.722744914,0.8206368034021514,3.2156727755216283,-972.2744914,0.2808310792735487,-1.6602321700715008,345.2357797411819,0.7542721504375001,0.6372894843828223,6.2686644,6.2686644,-1.0574010999999999,-4.3974056,-10.928474,-1.46788501183,-0.534931418893935,3.213844723600009,-146.788501183,"0.2762127337038909
"
14,-0.2444830464876138,42.600443186115726,0.1597883708333334,-1.1921860921255787,2.1871238,2.1871238,0.22489397,-2.3757799,-3.1911554,-0.27544794771,-0.3398962846732023,1.551949751311204,-27.544794771,0.2749831479609033,-0.1319822360712841,65.60720870297465,0.24327994312499998,-0.2270218038143179,2.68381,2.68381,-0.138560805,-1.4772685,-2.5409868,-0.18271898055000002,0.25215490675330093,1.2162543279514313,-18.271898055,0.27436172901921135,-0.17007289212007076,34.065991955430086,0.10077103754545455,-0.023298458265554434,1.0914303,1.0914303,-0.18705697,-0.50947684,-1.5742608,-0.15960068789,-0.1067450176045403,0.5392729880703644,-15.960068789000001,"0.24547292949719643
",-0.8713098272129869,138.48726479640038,-0.2845499491666667,-0.039792917431131336,1.4335688,1.4335688,-0.9786648499999999,-1.8287472,-4.937632,-0.92348958841,-0.3101821289900943,1.2487037886441406,-92.348958841,0.2406658806355623,-8.430746020212226,224.28443367617328,-7.997439233333333,-0.7469336898617094,0.0,-2.417922,-9.304427,-12.027788,-14.515465,-8.476286999,0.34761084982763163,3.254355155556121,-847.6286999,0.2724945258548088,-2.1525256925149066,316.9815837516531,-0.4812093315999998,0.5986045061271157,3.494034,3.494034,-1.55825955,-4.7690825,-11.248808,-2.17179922141,-0.8539202990651253,2.9607200035185617,-217.179922141,"0.26131042614114874
"
15,0.3713841628755041,83.28958127981082,0.705301658181818,-0.37678702562294575,2.2979724,2.2979724,0.7306397,-2.224429,-3.2678962,0.32221675775999997,-0.8622474133636294,1.5056080948935626,32.221675776,0.2908724340175953,0.42169649097681444,208.6982326490243,0.706353702142857,-0.7206998637100805,2.937482,2.937482,0.11724314,-0.95287025,-2.3981626,0.2673148802,0.2607763208135225,1.3830410334011163,26.73148802,0.25835253456221197,-0.03114797024092745,62.30508575436945,0.264223907,-0.2906962816316323,1.1106154,1.1106154,0.0650164185,-0.4199451,-1.3269837,0.009794836059999997,-0.11251400341438304,0.5103698725419586,0.9794836059999997,"0.2746975806451613
",-1.2527105907974736,295.90673279706454,-0.11300562398937496,-0.9493186603978252,1.6615448,1.6615448,-0.821342035,-2.3878345,-4.129912,-0.980962117845204,-0.2218754520128186,1.5335590747730528,-96.13428754883,0.28085562847046946,-9.183623307370015,335.5718935547256,-7.8491846857142855,0.2666457086335745,0.0,-2.6226962,-9.43690075,-11.595487,-14.292728,-9.162408415306123,0.7669288153314905,2.7903593580550203,-897.9160247,0.2791880002884546,-2.4071412337910147,411.1847127496529,-0.8728515805555553,1.874811674723846,4.088897,4.088897,-1.6025675000000001,-5.672903,-13.45986,-2.1879190977040817,-1.0106410066284002,2.9057164089875753,-214.416071575,"0.26327892758988164
"
16,-0.019986281329011327,49.87645442814972,0.43118447181818187,-0.7106185907705767,2.2905114,2.2905114,0.5009494,-2.2425487,-3.3499665,-0.022119432371134017,-0.6180212648045179,1.4869587737900403,-2.1455849399999996,0.2352045577329208,-0.03683002185008094,68.8170190533883,0.4026401822941176,-0.11811156150866653,2.797856,2.797856,-0.10019025,-0.8953146,-2.367253,-0.06405021598969071,0.3114453496753519,1.2258657280962824,-6.212870950999999,0.239361871166619,0.05960726045245811,22.578764296841218,0.457382602625,-0.826939148467178,1.0125573,1.0125573,0.14495532,-0.062885754,-1.1457891,0.046842157680412375,-0.262913629240362,0.49053942465525074,4.543689295,"0.26796326310102647
",-0.9907338048582208,164.57945445469412,-0.021198230692307682,-0.5461369195876276,1.8998493,1.8998493,-0.66910857,-3.0371842,-5.1003437,-0.9891893619381443,-0.3844466722549233,1.6391657737020735,-95.951368108,0.2738544474393531,-9.587915069514825,212.53120189279844,-8.897488564705881,0.678442155261616,0.0,-1.7431252,-9.442365,-13.205239,-15.145505,-9.520565241237113,0.7296773211643194,2.9937214809851462,-923.4948284,0.25441572855557315,-1.9181807963787063,268.2740730940117,0.002686067222222236,1.40552694718843,3.0966105,3.0966105,-1.0502161,-4.6075687,-11.871364,-1.7772541933298969,-0.9796933269005664,2.7801789393744905,-172.393656753,"0.2504342617550165
"
17,-0.11040271746391553,95.92468608586837,0.5145920495999999,0.06602274952604636,2.477035,2.477035,-0.074609786,-0.83349514,-2.773342,-0.15818075153106798,-0.3414705168250744,1.0432621064878789,-16.2926174077,0.2684952189229995,-1.121471623845747,123.78890048405043,-0.5817606513636362,0.41133276980926725,1.6691208,1.6691208,-1.1329987,-2.2009807,-3.7624507,-1.0750807650194174,0.22254496781087602,0.9956444903269065,-110.733318797,0.23180216864162512,-0.24209282159411177,75.70891144715526,0.08584159661538458,0.0685021963857384,1.8268665,1.8268665,-0.19185333,-1.032809,-1.7128211,-0.2317036839708738,0.19971717620710436,0.6589101332648287,-23.865479449,"0.2616623436955596
",-0.6798371346354949,344.79555183764654,1.5719561054285716,2.112682317832677,5.7507415,5.7507415,-0.63348267,-0.8735834,-7.9516144,-0.448438053372549,-0.5906626988408858,2.138158311430402,-45.740681444,0.22333548804137038,-9.464644065334337,526.9311029575414,-7.9818766777777785,1.2283119986636972,0.0,-2.044299,-9.423354,-10.62266,-18.635199,-9.511087788235294,-0.38961683533569835,2.877279090773744,-970.1309544,0.24769565946036534,-0.27530618751005537,435.50957000841413,1.3965209372727272,0.9030002806571775,9.049132,9.049132,0.0330812075,-5.7646623,-7.8646455,-0.19460120305882353,-0.1605174675290906,2.9186670593798882,-19.849322712,"0.25215960510078156
"
18,0.0972263817123046,63.38115253164697,0.46769465400000004,-0.3937592796440992,2.0411024,2.0411024,0.45938116,-2.4344018,-2.6486375,0.10523890718181819,-0.8282937737621592,1.341729369630447,10.418651811,0.24246091780131115,-0.21014772960743838,151.0607989836072,0.3489132451428571,0.05208912536223664,2.7509582,2.7509582,-0.0937952,-1.657397,-3.1399944,-0.18517830731818183,0.006564407344548714,1.3066628654544326,-18.3326524245,0.2644622145378575,-0.06462267126651539,54.650511053692355,0.34272966177777775,1.31252935043066,1.9281223,1.9281223,-0.05542464,-0.22915809,-1.8172746,-0.07736597074747475,0.18545145977196575,0.6066930143094914,-7.659231104,"0.21908443996189836
",-0.5098236649361323,241.09400210779873,0.3976574529374999,1.0442098509784437,4.5231442,4.5231442,-0.38290374,-1.900897,-3.8592746,-0.577799957686,0.15971407335572638,1.502749175292563,-57.7799957686,0.2785552193645991,-9.486658609354516,211.94033491002455,-8.571281670588235,0.8387548693542759,0.0,-1.6597486,-9.657990999999999,-11.78155,-16.036003,-9.470405661,0.7362159868895236,2.958987858368702,-947.0405661,0.2877695707632524,-1.2690427461041354,334.6387929262558,-0.06500648555555556,1.8286238480180046,4.2435255,4.2435255,-0.6396199,-4.2809477,-9.62244,-1.22164258291,-1.0179870604356551,2.4345216683007913,-122.164258291,"0.25998767299826303
"
19,-0.28501449525391614,58.41079765879984,0.02344840749999999,-1.2687927367220457,1.9782174,1.9782174,0.316556915,-2.2883804,-3.3819425,-0.31162291155,-0.32312645458516465,1.5375803965397266,-31.162291155,0.29904623547246084,-0.04481771554067706,93.05862862872782,0.5790404246666668,-0.030163748094376164,2.90977,2.90977,-0.0394367535,-1.0157552,-2.907639,-0.037528897840000006,0.1976417203335054,1.2412690626417824,-3.7528897840000006,0.2675088428499242,-0.028905926839818064,27.766512608337024,0.3093868323636364,-0.017831917280387355,1.033874,1.033874,0.083669063,-0.14815351,-1.5561415,-0.03004663771,-0.6541845114629338,0.5197293233898956,-3.004663771,"0.27970967890118975
",-0.8270655468120264,155.6995343999022,0.03615421511764709,-0.20636919802262588,2.2939796,2.2939796,-0.765957165,-2.017355,-4.35205,-0.81022014105,-0.3248847082605415,1.3731536531687543,-81.022014105,0.3040454180661653,-9.889821938706417,281.66613804520836,-8.565903850000002,0.6715149919984871,0.0,-1.9215541,-9.918749,-12.418476,-15.205231,-9.784252098,0.9324463121194733,3.073663295527021,-978.4252098,0.2710684408511594,-1.4314879541975747,312.11281790096865,0.49889255533333343,0.7884030908281661,4.4493475,4.4493475,-1.0530601,-4.1814046,-9.722732,-1.42829684396,-0.6273884821771303,2.5928591280930724,-142.829684396,"0.2826006400538993
"
20,0.017697502617305752,51.61339885732702,0.39670898199999993,-0.943233837719025,2.1082506,2.1082506,0.64324008,-2.3789775,-3.3254526,0.025452154899999996,-0.6201548574622605,1.5432402247593557,2.5452154899999995,0.25923309788092835,-0.057591431258829595,78.00267134405222,0.7698276411333331,-0.7373545628507983,2.9204285,2.9204285,-0.142824265,-1.2502422,-2.5409868,-0.00853776916,0.14012037657838808,1.4252917126936828,-0.853776916,0.27319206189034645,-0.14799993891700305,23.13323007257809,0.155969094,0.58257682347107,0.85054815,0.85054815,-0.17426674,-0.44339395,-1.7906283,-0.13084405818,-0.5916136630078305,0.4960310397772554,-13.084405818,"0.24323074335687858
",-0.8555293205277776,182.21907784087574,-0.16135562588235292,-0.9040294414917325,1.7280066,1.7280066,-0.7554041499999999,-2.9850924,-3.8693037,-0.86813619825,-0.20630949520819186,1.4639872342710842,-86.813619825,0.27195484254307783,-8.502067720126263,245.42099499442386,-7.5987139374999995,-0.6447909193721828,0.0,-1.5756235,-9.201889999999999,-12.863351,-14.790593,-8.577121765,0.548752816970483,3.4917897784871736,-857.7121765,0.2685921717171717,-2.341293774878788,217.13415630911385,-0.6942650952941177,0.14951597567132247,3.6621346,3.6621346,-2.07259,-4.362528,-9.962533,-2.3852418464,-0.5396984664688137,2.7835555232890554,-238.52418464,"0.2519607843137255
"
21,0.2174470801702722,71.97219314241481,0.744044962923077,0.9924299826513368,2.0037978,2.037905,0.497751615,-0.27712163,-2.9897094,0.258489643643,-0.9793850860907592,1.0386969473841916,25.8489643643,0.2933007486713992,-0.1679488215431166,76.8947048128593,0.1640813727777777,1.094975636977102,1.3440367,2.7594852,-0.32241986499999997,-0.9240924,-3.1431918,-0.19442200985000002,0.38118971306966093,1.0770928095521424,-19.442200985,0.29313049812293385,0.045847627637846645,40.22638003933384,0.215634420375,1.3717279625033294,1.5124409,1.5124409,0.091662675,-0.7333054,-1.4921902,0.075781619917,-0.2952058742070945,0.5080081249075773,7.5781619917,"0.2705811901159859
",-0.05938161784417531,131.65733234084405,1.2692213714285714,2.3173288026044716,3.8398151,3.8398151,-0.044532396,-0.7030879,-6.1572957,-0.23416554702,-0.8398227505586,1.6377851747523178,-23.416554702,0.2402204452128809,-9.785604327382751,161.72233065457596,-8.508082368750001,0.36599623682795324,0.0,-4.1935296,-9.5059075,-11.641292,-15.677798,-9.636358108,-0.09269732586592283,2.3752221662988955,-963.6358108000001,0.26648386283408976,-0.5607072519546139,311.3231483948446,1.0878824921578947,2.1629683404980096,8.193512,8.193512,-0.09385483,-1.9300864,-9.483679,-0.47199546537,-0.46298241551046215,2.679140782810896,-47.199546536999996,"0.25631021578151125
"
22,-0.5719671839906375,78.50103141265795,-0.16016849045454543,-1.0174393997786584,1.5017824,1.5017824,-0.32615042,-2.1274369,-3.2028794,-0.6128963353030303,-0.40666350816343066,1.2137585841527203,-60.676737195,0.27015090172984907,-1.3105764579078947,108.10480453366574,-0.47840296215384615,-0.18486308526914152,1.4793996,1.4793996,-1.1916208,-2.4184139,-3.2252622,-1.2859967931111111,0.2297459613316792,0.9469269306996692,-127.313682518,0.28472438492681407,-0.24806017099051111,38.3279541373465,0.17605874627272725,0.5699786766810999,1.9334515,1.9334515,-0.21103847,-1.090365,-1.7032287,-0.25847431436565654,0.2955501641654331,0.6275450750708697,-25.5889571222,"0.27323334560176665
",-0.2583456561664979,283.05729279872475,0.9284791960000001,1.5169241632442834,5.7495437,5.7495437,-0.56425165,-1.9164647,-5.2400036,-0.3760554956,0.23196126062641917,1.6967461263205117,-37.60554956,0.3013832658569501,-10.030233793294535,343.7992856004108,-9.215067120000002,1.5198137330322252,0.0,-2.223177,-9.8805785,-12.500206,-18.769768,-9.908800606,-0.1238532935899735,2.797853366152853,-990.8800606,0.2366059379217274,-0.5293205321887651,365.6182040081122,0.9647865354761904,-0.4381572216955658,3.8288877,3.8288877,-0.38642143500000004,-2.4605832,-5.898783,-0.5270659664,-0.1311832931631126,2.103680931831778,-52.70659664,"0.25790437632542895
"
23,0.05251671483639234,46.19682996966368,0.4334130081818181,-0.6355831469235933,1.8417886,1.8417886,0.5206673150000001,-2.0368395,-3.1410604,0.05278101861224489,-0.713177998920018,1.3181039639888634,5.172539823999999,0.24593602517042476,0.041157294775301626,114.3673364314235,0.3583384556,-0.02940710958958448,2.724312,2.724312,-0.0303770815,-0.8270998,-2.850083,0.02627613857142857,0.3057386669969725,1.1601376837892547,2.57506158,0.28463555322496065,-0.1086359523071316,25.785804525932473,0.07567514624999999,-0.7591188482430891,0.9422112,0.9422112,-0.18918883,-0.93794805,-0.9464749,-0.13894145272244898,0.28476458672379484,0.482025628154781,-13.6162623668,"0.2687467226009439
",-1.087112800705713,212.6716226996464,-0.2849036946153846,-0.19717814112490517,3.014731,3.014731,-1.1306737500000001,-2.348167,-3.961512,-1.062459988387755,0.39165870192877666,1.537631204867069,-104.121078862,0.26584421867440733,-8.767921592295597,167.3557932450328,-7.806459307142856,-0.5647606656944633,0.0,-3.136727,-8.998313,-11.792777,-14.439872,-8.652883323469387,0.31838060716864,2.8210039993503355,-847.9825657,0.27646750524109015,-2.65951334966195,215.47644527698733,-1.3145962706666665,-0.6561901398206382,3.4236803,3.4236803,-2.6369912500000003,-5.378316,-9.3289,-2.7724825263265305,-0.16352763872947407,2.9578360423455132,-271.70328758,"0.26607267645003496
"
24,0.25190106478701824,44.488103799713656,0.40360155600000003,-0.4601828654326101,2.149819,2.149819,0.665089995,-2.3001046,-3.0611215,0.2933278736764706,-0.8155496138989456,1.4184165715874288,29.919443115,0.2604124408384043,0.26897278011409725,106.539794899551,0.7061608700000002,-0.5660159894095322,3.1069524,3.1069524,0.23555260500000003,-1.1489865,-2.6209254,0.3169960136666667,0.053655610318264206,1.3870602192066401,32.333593394000005,0.24729546991210277,-0.009165408872084146,40.6700473367245,0.21328810688888888,-0.6670348826091215,0.8910503,0.8910503,-0.0479635315,-0.4615133,-1.0988914,-0.0005854590049019603,0.0503232805713854,0.4636013022642443,-0.05971681849999995,"0.30690782059950417
",-0.31815692068466217,221.57287641886896,0.37735458857142845,-0.7575130640995211,3.2207024,3.2207024,-0.38425095,-2.6593697,-3.3319213,-0.49485036860784315,0.05070178526609255,1.4962411854968767,-50.474737598,0.26383883523136803,-9.134417399798185,210.08222375239524,-8.311574266666666,1.1444277851040843,0.0,-2.509681,-9.525292,-11.699371,-15.207326,-9.221488492156862,0.8093006445589822,2.586076867376693,-940.5918262,0.26323018275591437,-1.4820709322356207,240.2403245818721,-0.17342267888888885,1.9151592566313642,2.847828,2.847828,-1.2663665000000002,-2.983895,-10.774295,-1.7299085129509804,-1.1261290181242463,2.495018501934228,-176.450668321,"0.27707702657248573
"
25,-0.2122391647177094,64.45065136872068,0.2133473533333333,-1.0952106686270742,2.178597,2.178597,0.38956773499999997,-2.2478778,-3.2423158,-0.22591786761,-0.42815839810415335,1.5255589058234478,-22.591786760999998,0.2763202152707703,-0.05145365162991923,130.51814843241644,0.5693634155625,-0.06804603452120217,2.803185,2.803185,0.0095923065,-1.3365761,-2.7637496,-0.04250641266,0.24026677158825202,1.2676382187841422,-4.250641266,0.31073410696266396,0.03078536870224524,33.68166690438146,0.2430134966666667,-0.3183557720208334,0.90597224,0.90597224,0.128434405,-0.5020157,-1.2566373,0.019323533833000003,-0.4997155753457068,0.4485347605885619,1.9323533833000002,"0.29751093171880255
",-0.7052517528344271,162.0367135873449,0.23132520875000004,-0.34631966574021966,2.1417463,2.1417463,-0.7252418700000001,-1.9613713,-4.035608,-0.66485142869,-0.3972427895677854,1.4169292147907102,-66.485142869,0.31641216557294294,-9.868698655401314,255.82682879438244,-9.03378583478261,0.5646681827084601,0.0,-2.0348685,-9.877584500000001,-12.610376,-14.598991,-9.751131908,0.9652066266161704,3.007314564886321,-975.1131908,0.2685292891161688,-1.558947090085815,250.20823491884792,0.08376747444444442,0.05639176208775831,3.7452118,3.7452118,-0.947230215,-4.75576,-8.315807,-1.50507069656,-0.5285068688908039,2.5691507669703566,-150.507069656,"0.3159739749845757
"
26,0.058501620320202,85.81170465758719,0.19170041571428573,-0.5473288020032139,2.1753993,2.1753993,0.44072866499999996,-2.6209254,-3.312662,0.013226847439999996,-0.5617543709761595,1.3785049074510856,1.3226847439999996,0.25974025974025977,-0.29467392152095967,87.6783861516519,0.2909767357777777,0.4982030796046777,2.85328,2.85328,-0.35919174,-1.0466652,-2.9182975,-0.31026925769999997,0.6251927764930758,1.2751924453589132,-31.02692577,0.2622895622895623,-0.12254884941742424,50.859412800683266,0.11288287327272727,-0.46756926538757604,1.02215,1.02215,-0.16733866,-0.75675374,-1.6328824,-0.13852884365,-0.0757512989989143,0.5407038294856016,-13.852884365,"0.27887970615243346
",-0.5412143428914145,211.69650748938216,0.6345903552000001,-0.7318188972923325,2.766996,2.766996,-0.35416352,-2.262994,-4.1906853,-0.4648568258,0.000968867731103001,1.6468850524366794,-46.48568258,0.2512457912457912,-8.650960136338382,309.44373318118136,-7.671855176470588,-0.20497625409619946,0.0,-1.7365389,-9.077199,-11.248808,-15.067068,-8.775664432,0.378500169806839,3.0741138598920594,-877.5664432,0.2572192513368984,-1.629527658555808,550.2592625909147,-0.5734241917777777,0.11170398293428674,6.0820026,6.0820026,-1.16083605,-6.329887,-9.445508,-1.79532908554,-0.20828877423246495,2.9881570808907405,-179.532908554,"0.2526374859708193
"
27,0.08469327348913588,77.61593502850282,0.4968278139999999,0.44323691775062546,1.5156382,1.5156382,0.25900093,-1.0594553,-2.3160923,0.06524261488888888,-0.8409900840937722,0.827471749469685,6.459018873999999,0.26370220650160014,-0.9289405377513896,125.81059085895258,-0.4541085063157895,-0.01376581925454623,0.9518036,0.9518036,-0.7738073,-2.5239332,-3.0419362,-0.8694324435858586,-0.28231806976285007,0.8840473723277268,-86.073811915,0.283370123135023,-0.030680516620389023,47.88491813726912,0.31130984461538463,0.486298377954121,1.6296844,1.6296844,-0.08953201,-0.7951243,-1.3291153,-0.07839949062323233,0.22638217105438985,0.5887173744952789,-7.7615495717,"0.26240914214638317
",-0.32791948241026314,224.49670572686438,1.0828942492307692,1.8934777638686002,7.058871,7.058871,-0.357531515,-2.8360026,-4.9229627,-0.32909664391,0.45448022777365427,1.9232161685900284,-32.909664391,0.2990588784319826,-9.56753266721436,348.0170012169133,-8.388436013333335,4.197372561203566,0.0,-1.8312918,-9.613309000000001,-10.181677,-19.111656,-9.754312752,-0.5017827752351554,2.464728178080582,-975.4312752,0.2531850353892821,0.08196293051769421,271.60777426708927,1.725611548444444,2.9853967101885397,4.881349,4.881349,0.512384465,-0.043409728,-8.237969,0.14369218439,-1.166499657153807,2.0957885580731563,14.369218439,"0.2526963262554769
"
28,0.024342508236258262,58.4860720956754,0.26121486,-0.4768751602391883,1.9281223,1.9281223,0.43007028999999997,-2.2798536,-2.7498934,0.013578613049999994,-0.7691369561082865,1.3328287037848847,1.3578613049999992,0.2701035726754335,-0.0891723932362077,128.9710794346871,0.451853495,0.41095043022434696,2.6454396,2.6454396,-0.052226720500000004,-1.1106162,-3.4373665,-0.10259902485399999,-0.2610457294874584,1.2800223927339076,-10.2599024854,0.264088502269289,-0.0487410763603126,31.661200970320653,0.15338512436363635,0.22603847613738592,0.99230605,0.99230605,0.039436222,-0.50947684,-1.8801597,-0.068822277094,-0.6022998609113416,0.5625329103574632,-6.8822277093999995,"0.2788245541649475
",-0.33796131179601596,184.9688497470923,0.6216132380000001,-0.0650916571161666,2.373165,2.373165,-0.10470726,-1.8785934,-3.5880387,-0.35135385131,-0.5757044714938725,1.408080044895618,-35.135385131,0.25398237963869363,-9.574581237241555,242.77298153967624,-8.24656294117647,0.7644745670056854,0.0,-2.5065377,-9.486223500000001,-11.49295,-14.1481285,-9.541772768,0.8701141672767507,2.67830934822285,-954.1772768,0.26893298923200143,-0.9799379224004539,211.01568378554734,-0.24340960415789475,4.117772855828038,2.5161178,2.5161178,-0.58625588,-4.7729745,-12.242442,-1.098171833044,-1.6479864766842605,2.4903829251696887,-109.8171833044,"0.2821084481248507
"
29,-0.49624658190206966,53.88241258556315,-0.17150528363636364,-1.4070555767257773,1.9590319,1.9590319,0.108716631,-2.2809196,-3.514108,-0.50454173968,-0.1872626906921836,1.5965991177236254,-50.454173968,0.2943875912073792,-0.18521693405047965,91.72078513272687,0.5978526408333334,-0.4241985539804869,2.8884532,2.8884532,-0.25527159,-1.0818381,-3.0749776,-0.20193628305,0.32484081599084125,1.374683403614998,-20.193628305,0.2807925290257446,-0.02798009359994956,19.96428425062721,0.15650190516666662,-0.5698010574897712,0.9805815,0.9805815,-0.046897735,-0.4124845,-1.2886131,-0.04553343785,-0.18513972327048983,0.4861365136518791,-4.553343785,"0.31671714622244657
",-0.677650135194753,129.7686706249353,0.23886796764705878,-0.7318490592754361,2.065854,2.065854,-0.863629075,-2.5909622,-4.9485593,-0.7463659296755,-0.1414595912219897,1.567746643447504,-74.63659296755,0.2684750994242298,-9.256616468314832,163.64693250686952,-9.179801600000001,-0.4402612063330986,0.0,-2.34188,-9.6544735,-12.966187,-14.573844,-9.260152941,0.5343554570896568,3.0201664641228763,-926.0152941,0.23550186976909837,-1.8707948786927342,277.8129997539678,0.14126869625,0.6098674378783882,6.2213626,6.2213626,-1.5204631499999999,-4.579128,-10.007889,-1.91581954598,-0.4266371087024326,2.8252567472014376,-191.581954598,"0.279263370332997
"
30,0.3474746373378448,93.75474133767568,0.4900537977777778,-0.4847292704366666,2.1135802,2.1135802,0.6714852,-2.3480678,-3.2071428,0.24759984392929293,-0.8239061288978082,1.492276798688432,24.512384549,0.275224151628646,0.3291287519371809,181.9971485941774,0.7932052053333334,-0.5483910235327261,3.2519078,3.2519078,0.093794405,-0.82070476,-2.9023097,0.32089589963838383,0.23057274893021118,1.4138316962058726,31.7686940642,0.2591760299625468,-0.06284276441307457,41.5728519185471,0.052492793583333315,-0.6363083767762738,0.8835892,1.0797057,-0.11937566,-0.5180032,-0.93155324,-0.04415235117878787,0.26261340225223134,0.43746272945049963,-4.3710827667,"0.2809839972761321
",-1.0258296609088822,359.4901107309842,-0.03102958647058812,-1.0569425745130214,1.8160236,1.8160236,-1.083447,-2.752027,-4.461921,-1.007991741020202,-0.13246407945107339,1.659232031999558,-99.791182361,0.2697955139176651,-8.82387299321082,561.6034335296515,-7.344028083333334,-0.26002256817897473,0.0,-1.1174263,-9.329799,-11.806249,-14.617553,-8.632890285858586,0.7429586376705509,3.369412914836691,-854.6561383,0.25778458397141396,-2.8261264661347627,685.5620859865422,-0.8433569364285715,0.25093440079683926,3.8212538,3.8212538,-2.0844154,-4.913682,-11.229348,-2.5273443235151514,-0.4976491095876633,3.1152810443607697,-250.207088028,"0.2574928899584336
"
31,0.1564187117855999,76.43522868607944,0.4661567878571429,1.0367335118514402,1.6531328,1.6531328,0.42154351,-1.6168946,-2.7061932,0.17563176584375,-1.1795484129968064,0.9220876627720722,16.860649521,0.22114285714285714,-0.45822141305946656,143.15324137252824,0.12620889658823528,0.8420851332737276,1.9515711,1.9515711,-0.38850260999999997,-1.3419056,-2.895915,-0.43674344896875,-0.29006061469151045,0.8446615163885085,-41.927371101,0.2715294117647059,0.02280801968986659,49.69102508880064,0.3105617412499999,1.3932607078395334,1.7245449,1.7245449,0.116710238,-0.6448397,-1.6009071,0.05462449855208333,0.14864785798734145,0.5252623089671616,5.243951861,"0.28733333333333333
",0.009412044631299854,287.48112030987824,1.7017362092857145,2.1233604753635014,6.033952,6.033952,0.12558883,-0.3450325,-5.9501266,-0.014809925360824747,-0.33433223305416343,1.833254995047315,-1.4365627600000004,0.22932929139825692,-9.887122488355438,411.04568751605376,-8.470452288888891,0.8330926343612504,0.0,-4.2772055,-9.374406,-11.3693075,-17.61432,-9.627797970103092,-0.4936268427214859,2.356322603306131,-933.8964031,0.25923961096374887,-0.9733256763544037,487.40313875690657,1.2620162596249997,0.6788014422126678,6.586154,6.586154,-0.34742752,-2.6117687,-7.4247103,-0.5661258208701031,-0.12241886748837164,2.721900299081841,-54.9142046244,"0.28415119363395225
"
32,-0.5467306772127879,94.32165156120999,0.36200105663636367,-0.9991604067303079,1.6019723,1.6019723,-0.23502036999999998,-1.6254215,-2.9843802,-0.45711673238461537,-0.4503973975877726,1.275399002113018,-47.540140168,0.23785166240409206,-1.2852758409194374,111.54862491932629,-0.605515322263158,-0.4893104609427201,1.1361959,1.1361959,-0.964061645,-2.8596756,-4.2165027,-1.2449848400192307,-0.5038712034666586,1.1953654553034043,-129.478423362,0.2643424417822049,-0.45930723252941175,48.72160176372961,-0.00817181833333338,-0.04148965065522292,1.7202817,1.7202817,-0.30856382,-1.1692377,-1.8567109,-0.3410108218173077,0.17788094484491113,0.6836814930837286,-35.465125469,"0.30682011935208864
",-0.24465765087722385,256.8468075124646,1.3114927344000002,0.8375377141734246,5.6727533,5.6727533,-0.204998705,-0.7788304,-5.8014855,-0.2333834264326923,0.024629210552482607,1.9859932945470544,-24.271876349,0.26446365022877477,-9.647476348500255,522.7838746270714,-8.335865371428572,0.039667267259674954,0.0,-2.284699,-9.911189499999999,-13.543536,-17.096548,-9.70921775,0.4049257063741807,2.998012411732828,-1009.758646,0.2599680441571647,-0.7542099666250633,377.19892074784167,0.9171000290476189,0.24377731442190909,4.082161,4.082161,-0.112491075,-5.2313213,-8.456964,-0.8021962494711539,-0.7170279904024491,2.7852352783681735,-83.428409945,"0.2547510107245745
"
33,0.3147006677921092,52.86243598532687,0.6054024876923078,-0.31147621331274067,1.9281223,1.9281223,0.7418312499999999,-2.196717,-3.064319,0.29368400293,-0.9497299704835862,1.3912116814976485,29.368400293,0.25010699972763706,0.254017551610521,153.4128833166611,0.9607873299999998,-0.44221217410615665,2.7456293,2.7456293,0.41781296,-1.2001474,-2.9769197,0.31212318912,-0.29049796418790186,1.38977365263719,31.212318912,0.2351325962858588,0.0035843066454982683,42.0159134696399,0.4419010862,-0.06667856345074163,1.0658498,1.0658498,0.00373002315,-0.0959268,-1.3781446,0.0008736630850000007,-0.15268966364176037,0.4903012880116486,0.08736630850000007,"0.23641881638846737
",-0.168857434809054,175.16120055033582,0.7126758887894736,-0.4880646093726777,3.2129188,3.2129188,-0.0141455835,-2.0939956,-3.6986587,-0.12075838056,-0.2416706151747798,1.4323072081605857,-12.075838056,0.27620264622101537,-9.323224943626707,196.97798788552188,-8.571655126666663,0.6942195008807528,0.0,-2.4484584,-9.424926,-12.7554245,-14.206208,-9.298375964,0.8433696810730976,2.6173740592826635,-929.8375964,0.3001517450682853,-1.7247957060955994,354.17851344551184,-0.8143141086000002,0.9816793959782668,4.0987763,4.0987763,-1.1639046,-6.6304617,-9.545949,-1.75230556668,-0.6965005748225842,2.4522111471527746,-175.230556668,"0.268841679312089
"
34,0.023618742862923564,39.807878581633965,0.37819871083333334,-0.42138765827647884,2.114646,2.114646,0.40342389,-2.1540833,-2.695535,0.0596872836,-0.7138276002393629,1.2568133543279478,5.96872836,0.3074945203169786,-0.028041007725088562,88.19380809495267,0.5588096021428571,0.225793368140224,2.8053167,2.8053167,0.152949335,-0.9795165,-2.8266344,0.05301506019,0.09139799945352248,1.1932318117397063,5.301506019,0.30182816677505603,0.02943779207888212,35.23573956210557,0.3751789472222222,1.1525512135290006,0.8590748,0.8590748,0.0671481455,0.040501885,-1.429305,-0.006278178844000003,-0.7697302287595396,0.4277267982132229,-0.6278178844000003,"0.25110998707356824
",-0.17104607859959553,161.99706901013653,0.35673319555555555,-0.5386685470199248,1.9559826,1.9559826,-0.082179108,-2.6408083,-3.1847773,-0.19846179685999998,-0.4503140175576207,1.189356761169781,-19.846179686,0.27019436018424897,-9.16913180222447,279.407393034153,-8.275643687499999,0.11900107156286088,0.0,-2.5004003,-9.4835295,-11.4504385,-14.957645,-9.344921647,0.5625628814632095,2.8348461358573522,-934.4921647,0.24254297269969666,-1.5752358050384228,249.29212546051363,-0.2565034315789473,1.6970307917666867,2.5990453,2.5990453,-0.7113208200000001,-5.5806947,-11.679462,-1.528459540773,-1.1827956606710985,2.675074911182692,-152.8459540773,"0.27034218508860625
"
35,-0.4669180448154701,72.86399907763092,0.015276924999999997,-1.4821928938707585,1.995271,1.995271,-0.14389006,-2.5058136,-3.2583036,-0.5015360304,-0.1228533714219533,1.636287322203127,-50.15360304,0.27940680822379504,-0.2039985357567998,202.25009914627307,0.37795010308666666,-0.20331118624209887,2.8522143,2.8522143,-0.221697235,-1.3269837,-2.9460096,-0.250443106095,0.38511739223393343,1.3278518800883328,-25.0443106095,0.2889787664307381,-0.0007544364191101496,26.78186531741717,0.1548386039090909,-0.48560731382102373,1.0413351,1.0413351,-0.034107636499999996,-0.4124845,-0.9496729,-0.02673183979,0.09587393233033314,0.4270406743675428,-2.673183979,"0.2763581211508411
",-0.5498476875310919,237.98300747113328,0.3416242138461538,-0.32434599444538703,2.2091062,2.2091062,-0.54546568,-2.9012668,-4.558321,-0.63694047306,-0.39188230636684096,1.5125071094655789,-63.694047306,0.24084156490627673,-9.14039542252275,236.4108105012137,-8.1733690625,0.0035943192152330106,0.0,-1.8630258,-9.492211000000001,-12.09425,-14.837146,-9.205350403,0.8177647338385753,3.1381275992230324,-920.5350403,0.24838852376137513,-1.7151044850108705,278.7359414510775,-0.07203351538888891,2.677439711661477,2.7831624,2.7831624,-1.39958955,-4.176914,-11.363319,-1.80718143887,-1.2817986284413663,2.517307465276288,-180.718143887,"0.27370520166273454
"
36,0.35581690788175846,59.75717856552164,0.7965995307692307,-0.19545226578577024,1.9888756,1.9888756,0.5595709,-1.5604047,-2.6081352,0.32913199572727275,-0.6330419614905871,1.1044959620994683,32.584067577,0.29179461266373846,-0.1884195856566447,63.700578646061366,0.11026191190000004,1.887053878358909,2.5996077,2.5996077,-0.22276278,-1.0338749,-4.1717367,-0.1801397250020202,0.11493466061536851,1.107483319841167,-17.8338327752,0.2824911571500758,-0.018689851442900404,35.7166299020136,0.37411302888888887,0.18498534751905238,1.6499354,1.6499354,-0.031975776,-0.66828805,-1.215069,-0.011638528111111114,0.3786024210218751,0.5143815357718463,-1.1522142830000002,"0.3356914266464544
",-0.3820286680060604,266.29783324061515,1.0212380817647058,0.8101906682806552,4.921316,4.921316,-0.59718315,-2.039359,-7.05453,-0.45218567038,-0.19476208867376277,2.061448681066098,-45.218567037999996,0.24848484848484848,-9.218042396414141,321.34514215641855,-8.042519435294118,0.19776596064331065,0.0,-2.2604494,-9.2893075,-11.674223,-16.742384,-9.084746138,0.14097998241865553,3.1079431033317704,-908.4746138,0.2702020202020202,-1.582450153273737,394.4013509734828,0.8495732989999999,0.5320153842608484,8.557554,8.557554,-0.89603668,-5.041217,-10.820698,-1.54297486242,-0.005381881811547064,3.739938479092105,-154.297486242,"0.2853787878787879
"
37,-0.07366518598138706,59.879579116187415,0.6163274360833333,0.1609786383763776,1.4452922,1.4452922,0.26539627,-0.65869564,-2.8735318,-0.07251042314141415,-1.0229035550213532,1.0389236021557051,-7.178531891,0.2823389427163012,-0.8981115377024477,77.53501561381346,-0.41721390731249997,0.35341113091321175,1.2267932,1.2267932,-0.60540307,-2.3693848,-3.839192,-0.8602165997131314,-0.7381838135021842,0.9543716171839722,-85.1614433716,0.26644569097399284,-0.02262937098291689,34.35858450510377,0.18799919269230772,0.10635168682233376,1.0146888,1.0146888,0.093794405,-1.1106162,-1.2939421,-0.0140716837070707,-0.7445236798351497,0.5008315490440772,-1.3930966869999992,"0.28854979798376024
",0.003486269182142851,281.62264998544,0.8542735473333333,-0.08848636522683506,3.114723,3.114723,-0.34458342,-0.90501803,-3.3864079,-0.0850292302020202,-0.04635270971349277,1.3360299403452793,-8.41789379,0.2810544217687075,-10.060312559923469,454.4804558034733,-8.886480453333332,1.3256269174582886,0.0,-4.6806164,-9.775123,-11.804603,-17.279018,-10.02903546868687,-0.19901422687790063,2.1272599944611432,-992.8745114,0.2655442176870748,0.07727964288418389,275.5884261491216,1.752041013125,5.0951415225293974,5.118905,5.118905,0.39862105,-0.7149133,-9.034912,0.12381073688888888,-1.3984513809149581,2.1725378335093577,12.257262952,"0.2646045918367347
"
38,-0.37498978744210265,72.2178734408073,0.054030091538461486,-1.327253319507594,1.8151424,1.8151424,0.093794405,-2.7061932,-3.4565516,-0.38030824516831685,-0.29935667676325617,1.5282659855665293,-38.411132762,0.2534672031878736,-0.31523017833646566,119.63942219953114,0.31893964247058826,-0.4781611175050986,2.6017396,2.6017396,-0.19078752,-2.4589164,-3.8093483,-0.325137314970297,-0.09115353384015527,1.5213703114500683,-32.838868812,0.2622710841573806,-0.33713858002209246,63.49178098273713,0.14933708666666667,-0.7006252397249249,0.86333823,0.86333823,-0.25473854,-0.53932047,-1.6009071,-0.23706222715841585,-0.07999991988250138,0.5543381493422483,-23.943284943,"0.2785960160261836
",-1.331772364191311,324.2150213163014,0.046084168666666675,-0.6093777446423214,2.5062382,2.5062382,-0.7475455,-3.020868,-4.4855723,-0.8667460742222223,-0.20515653941906478,1.4983607662036884,-85.807861348,0.2690718157181572,-8.849540486204269,253.68514448943588,-8.179658618181817,-0.6606186246429662,0.0,-1.4260844,-9.309441,-12.855717,-14.004128,-8.667584769696969,0.5435737432551716,3.348501037821145,-858.0908922,0.2632113821138211,-2.6509820006869917,384.16784197660064,-0.8830137788235294,0.0792447573324968,3.9064264,3.9064264,-1.993255,-6.8109865,-10.474768,-2.2339045822222223,-0.2349995332016492,2.8235426541833064,-221.15655364,"0.23717718794835008
"
39,0.35149470678640055,44.30805895524019,0.5198147299999999,-0.20584521375464293,2.1594117,2.1594117,0.765813015,-2.3065,-3.5226345,0.335646504026,-0.9639710819053124,1.5106627715507088,33.5646504026,0.23372093023255813,0.35963056991481296,91.31068542663976,0.8379354383333334,-0.4917922926361049,2.9726553,2.9726553,0.270725775,-1.1777643,-2.8159761,0.30650616238,-0.023751738079188633,1.4436098603709815,30.650616238,0.2602797438490057,-0.009663300638574328,29.45155732934626,0.312400353,-0.7842298406914887,1.0029646,1.0029646,-0.0101261375,-0.34959927,-0.94221175,0.006863738754000001,0.08758883133863475,0.45972339059446643,0.6863738754,"0.2640040444893832
",-0.5336667558246587,140.36950624790782,0.28341590421052626,-0.891611341035039,2.3412812,2.3412812,-0.21255798,-2.796335,-3.9827678,-0.5004542924400001,-0.3370978275034231,1.6417603076648215,-50.045429244,0.27150873646977475,-9.272673333274382,172.46705665677086,-8.83124176875,0.16744800879813537,0.0,-2.4051983,-9.4042685,-12.597803,-15.124847,-9.178928823,0.5236068654957359,2.8405625304334254,-917.8928823,0.2616536129358262,-2.088004256132138,255.33074574745297,-0.6561208432941178,1.124375795084683,4.493057,4.493057,-1.3624667499999998,-5.100194,-12.068653,-2.20972435347,-0.8055667088618539,3.1764880692436575,-220.972435347,"0.24748090241655024
"
40,0.00351073100505304,70.24506406307863,0.35554953749999996,-0.06696435689008373,2.0133903,2.0133903,0.474302985,-2.259602,-3.4000618,0.04794165894000001,-0.9213213749862269,1.3356244597155666,4.794165894000002,0.2478103419235304,-0.09040129528390617,164.5892264683806,0.4904588870157895,0.44211340993665793,2.9342847,2.9342847,0.07674085,-1.1106162,-3.2806866,0.027871625842999997,0.04836410643287877,1.2501363341560405,2.7871625842999994,0.25145607829579003,0.013159612460131392,44.4231100514697,0.3452284459,-0.12335198238900524,0.9869768,0.9869768,0.013855761000000001,-0.01279063,-1.0914308,-0.004775332354000003,-0.22441443850105897,0.42482818654928645,-0.4775332354000003,"0.23799898938858008
",-0.3906088958040931,203.26447116557912,0.6994312442857143,-0.12921622453425652,2.1493804,2.1493804,-0.0083077238,-1.7696201,-3.6621346,-0.294088937612,-0.6158988192156726,1.369055312908634,-29.408893761199998,0.2817079332996463,-9.41597028825164,194.53198016759407,-8.6047906,0.28421905931253333,0.0,-2.2492228,-9.4928095,-12.317884,-14.425801,-9.487336957,0.7000391378514703,2.8543769632076805,-948.7336957,0.26405381505811015,-1.5342668268406523,457.1591757443023,0.27931918831249997,0.25517720436779534,4.2992096,4.2992096,-0.8110135,-4.604425,-8.454269,-1.347684960117,-0.6186979447345735,2.725835245788269,-134.7684960117,"0.28919277412834765
"
41,-0.23779785127561837,54.34909298993731,-0.11220525363636359,-1.290378583620996,1.9419785,1.9419785,0.14388953,-2.334212,-2.7509592,-0.2530158786262626,-0.29841137250666466,1.480352620634792,-25.048571984,0.27782111881051813,-0.21830508601665816,87.36010300271596,-0.017709843076923068,-0.3434858834585244,2.6155953,2.6155953,-0.43060386,-1.3738809,-2.679547,-0.3062330325858586,0.4734456076358269,1.2785460656308483,-30.317070226,0.3160020191822312,-0.035279896546188835,17.293206272488806,0.17769203857142854,-0.1558864166610885,0.8569429,0.8569429,-0.02238307,-0.61925924,-1.1276698,-0.05126878175757576,-0.250080801510519,0.4325772449466872,-5.075609394000001,"0.35227518569265165
",-0.5943967095651513,187.58447213875286,-0.017031250000000022,-0.98503220852625,2.1790187,2.1790187,-0.30267057500000005,-3.1262488,-3.3274305,-0.559464587598,-0.3492228121504438,1.437691985975405,-55.9464587598,0.24051627384960717,-8.943059072676768,124.68496295189965,-8.60480009375,0.4295107191719456,0.0,-3.0301487,-9.267304,-11.76269,-13.017979,-8.883905876,0.8885738790689375,2.391913655585009,-888.3905876,0.2559659090909091,-1.899836834299293,262.5140193593849,-0.8027722933888888,0.5483637661361236,4.3141785,4.3141785,-1.1940669499999998,-6.556815,-10.52671,-1.880003540672,-0.7762117782832106,2.8274717960711975,-188.0003540672,"0.287317620650954
"
42,0.1615687836114779,101.1309127688242,0.7871298600000001,0.3830861410794566,1.5913138,1.5913138,0.32934741,-0.9816481,-2.6262546,0.10843924762,-0.9499114464392218,0.9321102879793612,10.843924761999999,0.2813973735761445,-0.9125744274982226,113.27809480665499,-0.33078689185000004,0.3741602801323878,1.7245449,1.7245449,-0.8185733,-2.0474982,-3.996938,-0.94967267159,-0.3243006441484758,1.0163314360603897,-94.967267159,0.2721178263077704,-0.032953992598781165,49.59172121234748,0.18766548721428572,0.4294036239214014,1.6680549,1.6680549,-0.097525625,-1.1159452,-1.2534399,-0.07873467151,0.3818795184868309,0.5849030490706628,-7.873467151,"0.2670681274033229
",-0.18671646709243278,310.3895015550259,1.7247018707692305,0.5762193215528391,5.886359,5.886359,-0.6104305999999999,-0.9900412,-5.468428,-0.20141067375000002,0.459010581318515,2.1442051581459425,-20.141067375000002,0.3088643200375044,-9.744117644159472,328.1743637315009,-8.239237017647056,0.46062799967145773,0.0,-3.66917,-9.707837,-10.780581,-18.28807,-9.793347091,-0.3812274418288429,2.6858821469768572,-979.3347091,0.2604785946882562,-0.13911946847173662,257.37476441550837,1.7560159882352941,1.3295817803020782,4.9624805,4.9624805,0.27422975,-1.422941,-9.916279,-0.18732794440699999,-0.9164283730689017,2.7166000105186305,-18.7327944407,"0.2887401786514504
"
43,0.006336662043939494,52.66962155049853,0.412217174375,-0.6508939738034578,2.022983,2.022983,0.5201345,-2.7136543,-3.142126,-0.026657307121212122,-0.6748873157006802,1.4491624351580479,-2.639073405,0.26865530303030305,0.0003694935568181734,87.97922618316595,0.5214002106250001,0.6574433457325135,2.9790504,2.9790504,-0.13429762,-0.54038626,-3.4842637,-0.05153795557575758,0.05432772995365423,1.2990182891577227,-5.102257602,0.2946969696969697,-0.03402892352702017,36.682254404973946,0.10629405227272729,-0.8005770169851885,0.86227244,0.86227244,-0.019185679,-0.8484168,-1.1372625,-0.05617814450505051,-0.3202027751477302,0.5093037963994828,-5.5616363060000005,"0.2523875114784206
",-0.39568331189697,274.0519260019563,0.9799222232000001,0.06122642680299517,2.5236022,2.5236022,-0.17880317499999998,-2.3382876,-5.0346303,-0.49322284443,-0.8417708491966379,1.7931768074577776,-49.322284443,0.2544444444444444,-9.627774886515152,319.8009798033857,-7.395117923076922,0.5363518489479318,0.0,-1.5995736,-9.653575499999999,-11.157497,-17.469273,-9.550263094,0.635172599952269,3.1100041880245772,-955.0263094,0.26573426573426573,-1.180733834260101,280.5593913587388,0.0037796281999999738,4.49462933320217,3.733536,3.733536,-0.5702391499999999,-4.6216393,-13.275145,-1.26990373693,-1.6786324551394662,2.735890412424642,-126.990373693,"0.26202020202020204
"
44,-0.4654722248760204,46.210404742725736,0.12552400076923073,-1.4122042384625593,1.8524469,1.8524469,-0.01279063,-2.5260646,-3.2583036,-0.4832717657979798,-0.16251855736684157,1.5518931644064686,-47.843904814,0.27091836734693875,-0.17359057736137767,141.12843990465078,0.6302449946153847,-0.6520327555504735,2.9705236,2.9705236,-0.14602192,-1.2886131,-2.7466958,-0.16781247865353532,0.27065294119917116,1.4642481715127096,-16.613435386699997,0.26695447409733125,-0.05309351802321428,21.02390868538359,0.0705917136923077,-0.5222494227796166,1.0082935,1.0082935,-0.14389032,-0.55104476,-1.2257279,-0.06068918754040404,0.027884161608547103,0.45816744054156,-6.0082295665,"0.28492935635792777
",-0.42060280215671225,178.46715685536898,0.7497643900000001,0.10213844197152921,2.0276835,2.0276835,-0.3635939,-1.4799724,-4.903503,-0.36874077636363634,-0.5086717303655186,1.4963338974906253,-36.50533686,0.27775275500705643,-9.136263843287393,207.66122854599442,-8.741372107142857,0.1142929449095531,0.0,-3.0422735,-9.2609415,-11.883637,-14.035862,-9.138627875757576,0.5046985384889764,2.535580936035038,-904.7241597,0.22952672646393932,-1.8601873792151615,420.37276841982373,-0.6128886421578948,1.0469945672672116,5.483996,5.483996,-1.8452128,-5.110822,-11.463612,-2.029115270171717,-0.3942920650758669,2.9349191328480932,-200.882411747,"0.2753821767281911
"
45,0.08669642376240215,48.597437304694246,0.21583428749999994,-0.5927292591828643,1.8833566,1.8833566,0.54358315,-2.3885703,-3.1090846,0.10534657292929293,-0.8064218593001033,1.4120480763502892,10.42931072,0.27506527415143606,-0.03254464140052214,159.09872729286275,0.5010253282142857,-0.3378957817981947,2.818107,2.818107,-0.06075363,-1.3856055,-2.6390448,0.03166296533333332,0.15169758444082446,1.3036744286820017,3.134633567999999,0.2503916449086162,-0.09880487170443857,44.26496530430008,0.18567067030000003,-0.5190801171595987,0.9358159,0.9358159,-0.16520707,-0.5222669,-1.1766986,-0.124715518,0.11644511465813064,0.4480667430673795,-12.346836282,"0.30449086161879896
",-0.7086145732230048,316.37085668533865,-0.2832509813333334,-0.7579579147676663,3.5160384,3.5160384,-1.0728191,-2.9373417,-4.273164,-0.8436395813838384,0.10301794873882454,1.7735185268497138,-83.520318557,0.27038775865066944,-8.687073421048513,255.62549607860456,-7.782475737499999,-0.31297653447074847,0.0,-1.3647121,-9.227411,-11.672128,-15.283967,-8.510872811111112,0.6354367577196146,3.333481470906115,-842.5764083,0.2565206051121544,-2.9498646329358373,383.71465783769435,-1.0456855093333333,0.5177462546585896,3.407963,3.407963,-2.151925,-4.8853908,-11.902498,-2.7302527266,-0.5716879043502513,3.0016186955170974,-270.2950199334,"0.2645452964701791
"
46,0.21077920151997984,34.3349281014932,0.6354746735714285,-0.1389724135556425,1.9121345,1.9121345,0.66455725,-2.6283865,-3.4917247,0.25668143911764707,-1.047129869416844,1.5027382766734565,26.18150679,0.24434568971746515,0.016831964388214486,72.89840306574469,0.5538609248571429,-0.17732931920464967,2.5782907,2.5782907,0.022382538,-1.8886867,-3.2114065,0.017136862735294127,-0.22404399532654923,1.3926829462393089,1.747959999000001,0.24398439193583352,0.035132030795397104,24.254767069814253,0.2794892661111111,0.28077026027475016,1.0754426,1.0754426,0.042100848999999996,-0.52013534,-1.4751369,0.01076268274901961,-0.4218929604820858,0.5051702502326231,1.0977936404000002,"0.2575732029449784
",-0.16710551827690748,260.52124765910014,0.49636780058823526,-0.2767935395519734,2.7366092,2.7366092,0.155751115,-2.9008176,-4.634662,-0.20730273307843136,-0.7844817684014073,1.5984583090995517,-21.144878774,0.2536634663971703,-9.12305944732188,165.34064238022262,-8.685079239999999,1.0745250666718151,0.0,-2.1733305,-9.314829,-12.462484,-14.912589,-9.105920005882354,0.7282226555019995,2.6923665200821314,-928.8038406,0.2607040592892033,-1.6606920000030319,209.67437412592318,-0.51990637115,1.469715593896744,4.108506,4.108506,-1.13089825,-5.126689,-10.960957,-1.6771329894215687,-0.8600996705827859,2.74986050220044,-171.067564921,"0.2607377463365336
"
47,-0.18299908760030312,77.25546797108066,0.3489202090909091,-0.8765270871156665,1.5881162,1.5881162,0.18972106,-1.7714431,-2.744564,-0.26245523603,-0.6074149180688909,1.1283525532336987,-26.245523603,0.3135651614681428,-1.078721547223598,103.68459805803012,-0.32911959264285706,0.297934476332153,1.652067,1.652067,-0.76528075,-2.155149,-4.174935,-1.02528403998,-0.4279330940674347,1.1464309534504782,-102.528403998,0.292066700353714,-0.05235889182137436,36.71461231041522,0.23206432863636364,0.17411320855914658,1.7629157,1.7629157,0.071944497,-1.123406,-1.6158288,-0.096800800958,-0.211650223267482,0.6206301886780202,-9.6800800958,"0.27010887041205384
",0.2037658412555553,363.6364816265581,1.7316204807142859,0.5180056023985671,5.463189,5.463189,0.23239174,-0.25162673,-4.006718,0.16276103046,0.15058725763312322,1.7076351509274572,16.276103046,0.26017316017316017,-10.206775388661615,357.77116831859144,-8.95731795263158,1.213510425581834,0.0,-3.8853204,-9.796154000000001,-11.651172,-18.82186,-10.154647879,-0.2383956478153909,2.456194240041954,-1015.4647879,0.25760233918128655,0.08720342519671706,476.1172513591829,2.2372476173333333,4.37740236871483,5.3108063,5.3108063,0.40662940999999997,0.40790176,-10.122999,0.09122778672000001,-1.4142733660883149,2.2999349539878224,9.122778672,"0.299023569023569
"
48,-0.19482174304716973,54.739707632471855,0.3775565846153847,-0.8547649873948986,1.6094332,1.6094332,0.27392316,-2.227627,-3.4789348,-0.2164324315929293,-0.5875791133744557,1.3806200160350415,-21.4268107277,0.3182834503589221,-0.17615960969811284,148.40281532644102,0.3645203496428572,-0.5445348425321273,2.68381,2.68381,-0.0831367,-2.8543465,-3.632417,-0.28746760647474745,-0.2645816130308874,1.5369905414947849,-28.459293041,0.2829824433598018,-0.219620321917644,40.1988224452462,-0.10027227738461536,-0.933765235158265,0.9464744,0.9464744,-0.29630676,-0.7173174,-1.3557615,-0.22667109272727273,0.10694830468797394,0.5650533929435636,-22.44043818,"0.2688188914604009
",-0.459299370866837,246.08492262913794,0.28016738999999996,1.4071198987895999,2.845433,2.845433,-0.3225792,-2.4766,-8.274044,-0.6256867597373738,-0.9663367857201762,1.932905227926836,-61.942989214,0.2698979591836735,-9.367124417959184,191.5897993471133,-8.528155726666666,-0.2292800712512828,0.0,-3.332969,-9.44955,-12.077485,-13.957275,-9.166400471717171,0.3771265924342434,2.535282466250872,-907.4736467,0.2966326530612245,-2.128185056633928,330.6272047235532,-0.7262896476874997,1.8740671651301382,5.4025655,5.4025655,-1.565295,-5.32817,-14.256503,-2.0980643460404043,-0.7233008364854929,3.0698951267690098,-207.708370258,"0.27388392857142857
"
49,-0.0743363919678715,40.240232203496475,0.45874161199999997,-0.9965536356981066,1.8204714,1.8204714,0.3378739,-2.0911977,-2.7339053,-0.0621889681089109,-0.5466396789539059,1.3242328881123941,-6.2810857790000005,0.2692771084337349,-0.1763377739226905,54.45394849388958,0.3489425461538461,-0.22631016871998222,2.3875036,2.3875036,-0.11191455,-1.1553818,-2.3352778,-0.14245487627227724,0.1335430033366797,1.1321490915492458,-14.3879425035,0.2672227371022552,-0.08921254889708839,16.185781441151878,0.21676686500000003,-0.8132638628356239,0.86227244,0.86227244,-0.14921932,-0.2248949,-0.7642149,-0.08484619684158416,0.32011028654706863,0.38413541928293954,-8.569465881,"0.2532003012048193
",-1.0325577843012048,137.99201965954296,-0.364324717882353,-0.6425656832914481,2.2321582,2.2321582,-1.0792557,-2.959795,-4.3004074,-1.0287127537623764,0.1807499519073245,1.5168322121207336,-103.89998813,0.3066678478620364,-8.1887499249749,177.55446706163747,-7.663729877777779,-0.6328334275533636,0.0,-1.4923966,-8.925789,-11.371552,-14.923367,-8.213849923762377,0.3484803710214591,3.238242646712052,-829.5988423,0.2591477019187863,-2.8205373909447786,152.355757266431,-1.5804611218181819,-0.6696568847912983,2.4990532,2.4990532,-2.0368145,-6.2213626,-9.801168,-2.8528269063465346,-0.38890494575034174,2.861509649964959,-288.135517541,"0.2456416575392479
"
50,0.11117337609828187,28.90652497426908,0.49775149999999996,-1.0144981421523716,1.9206611,1.9206611,0.43593244,-1.8279331,-2.289446,0.17510816337,-0.5172626386459327,1.3360841754311386,17.510816336999998,0.23855482566953007,0.21416147099140956,62.196244551532054,0.9162754216666665,-0.7908867902230639,2.7765388,2.7765388,0.29897072999999996,-0.8164416,-2.1178439,0.30808362442,0.1198064491001726,1.2917155804506792,30.808362442,0.27084386053562404,-0.004418286202122272,25.641517283697524,0.206774616875,-0.6074328938122586,0.8121773,0.8121773,-0.0431673115,-0.4593817,-0.84308785,-0.02441893731,0.0768514509706503,0.3687020763186127,-2.441893731,"0.24115715007579586
",-0.4323908385313133,183.7702356760274,0.1577095264166666,-0.8819725978987383,2.5128245,2.5128245,-0.52398535,-1.8806891,-3.5663338,-0.51909354094,-0.04787005088294341,1.4572306692894026,-51.909354094,0.31712962962962965,-9.038231254217173,225.48759799258838,-8.615158252941177,0.7309486079898515,0.0,-3.7594323,-9.4654165,-11.232193,-14.909146,-9.034492625,0.5377233339480844,2.2964699880321935,-903.4492625,0.2406714200831848,-2.4077491027618683,325.6829010561994,-0.8526483265,0.8379462962305704,2.8557615,2.8557615,-1.75944125,-5.4708233,-11.514505,-2.29791494693,-0.7903615697522308,2.6695553270813455,-229.791494693,"0.27326839826839827
"
51,0.14101953628120228,33.001827396591295,0.2816209611111111,-0.6391985690524313,2.2670624,2.2670624,0.5414515,-2.4152164,-2.8362272,0.13267106484848482,-0.6923730789162978,1.4408695785234613,13.134435419999997,0.26161770532631456,0.00635867703107495,85.16197982781405,0.39649587025000005,0.06851041668517377,2.914034,2.914034,0.03410684,-1.4847294,-2.7829347,-0.045207426060606064,0.13385105042407336,1.2890273289352874,-4.4755351800000005,0.228264561046018,0.0015946484953387155,22.21736556069724,0.3404322216999999,-0.6990067650123173,1.0104257,1.0104257,0.015987223,-0.32934782,-1.0466652,0.011928588843434347,0.05801167098464714,0.4710964256283366,1.1809302955000003,"0.27860417727967396
",-0.520293657743629,130.03309715581324,-0.035915331333333446,-0.7488938006108921,2.3480172,2.3480172,-0.1619632,-3.846102,-4.506529,-0.488712512630303,-0.5566489858293122,1.8228321876355598,-48.3825387504,0.29680598029221883,-8.897456966692152,170.23514869741882,-8.400161052941177,0.8213592202539233,0.0,-2.4667203,-9.268276,-11.55073,-14.598991,-8.959008991919191,0.8535170144459264,2.5359679700560975,-886.9418902,0.26011872638963845,-1.762688113816514,209.2812139629468,-0.7084206193749999,1.1999712655931605,2.6315277,2.6315277,-1.1633807,-6.2089386,-11.025473,-1.8454336192222223,-1.1127715484996565,2.6440907428771188,-182.697928303,"0.24372451580020388
"
52,-0.22493429562235417,54.931508950036815,0.48272307099999995,-0.8702900551798183,1.4730042,1.4730042,0.13696144500000001,-1.8183403,-2.781869,-0.22110982720408162,-0.647441062869241,1.1354559158299353,-21.668763066,0.2638100154878678,-0.9172049531099637,119.26766750054877,-0.33768668705882343,-0.8647349640824618,1.7565204,1.7565204,-0.78713055,-1.9728886,-3.5951126,-0.9553934403734694,-0.2108175559412507,1.0784226053710957,-93.6285571566,0.2614412827598773,-0.10024467621048011,66.83257694525773,0.09371830000000002,-0.27947796773939526,1.4527533,1.4527533,-0.0005331648000000003,-1.0360065,-1.2161351,-0.07511010800204082,-0.14084425304439444,0.5734461333194648,-7.3607905842,"0.28191607050667455
",-0.1134639744844607,288.4959560318968,1.955982506153846,0.1513737822196517,4.936285,4.936285,0.07940987,-0.09969269,-3.9474413,0.18554374975102042,-0.07146983592937191,1.7764277803311705,18.1832874756,0.2630554783368413,-9.956904102297369,256.61801988577196,-9.22055905,0.3824679992439868,0.0,-4.976701,-9.657990999999999,-12.5037985,-17.260906,-10.22138121020408,-0.27092296247017783,2.463571815847585,-1001.6953586,0.25947914874089373,0.1493227639904494,322.2654268131135,1.720161127647059,3.356687910173652,4.690945,4.690945,0.51882113,-0.18082398,-8.635991,0.1391219122959184,-1.3468958739168997,2.2187036255315142,13.633947405,"0.2813933007379513
"
53,-0.19924517104020092,55.61370507514134,0.13150917461538458,-1.2901918289740926,1.971822,1.971822,0.2803182,-2.5026162,-3.2615013,-0.25495577873786407,-0.29616757874832544,1.533093320296107,-26.26044521,0.2425976034016235,-0.4169383311880654,83.7824898158459,0.2645588782142858,-0.32541604760192344,2.6966,2.6966,-0.3400066,-3.3926005,-4.7089252,-0.5261369641330097,-0.22301342490916312,1.641426096193485,-54.1921073057,0.29307250538406315,-0.2723265866507538,32.95852050109513,0.0201688930769231,-0.29599329655433015,0.9454086,0.9454086,-0.32934782,-0.8366925,-1.8886867,-0.29797264906796117,-0.13932295291896865,0.6156651378019912,-30.691182854,"0.2809431774255895
",-0.8894192521991461,239.5938302323229,-0.18323661352941173,0.039713182813370995,3.0048513,3.0048513,-0.8825647,-2.497257,-5.5303993,-0.7871330516601942,0.07835440229775191,1.531994191428473,-81.074704321,0.24344845924306438,-8.415694683199396,332.30953217317403,-8.022361049999999,-0.6621131920591004,0.0,-1.9128722,-9.220376,-12.540472,-14.37835,-8.630224706796117,0.395895275700436,3.1423463825618994,-888.9131447999999,0.2790369161225515,-2.6429857947139626,399.81339308317445,-0.8499138214375,0.7301515535385192,3.5528617,3.6733613,-1.5467335,-4.77986,-12.427756,-2.4426525030485435,-0.7415796726161105,3.16674832875691,-251.593207814,"0.26070441988950277
"
54,0.29297659288364464,33.68814395378176,0.5890047992307692,-0.004266868287480907,2.1114488,2.1114488,0.7892616100000001,-2.3907018,-3.648405,0.32959246655,-1.0888074383660713,1.4931048493193115,32.959246655,0.2719683143711412,0.16003402078293796,89.30019836409285,0.8991963957142858,-0.135069107216363,2.854346,2.854346,0.09379454,-0.86547035,-4.0385056,0.20157322969,-0.07059312287014814,1.4296384302609755,20.157322969,0.28174803490300715,0.03001322533669864,36.0380293838755,0.2240219895454545,-1.0026910497837727,0.9304869,0.9304869,0.093794405,-0.50947684,-0.94327754,0.02265965265,-0.06816491971769227,0.46957624551986155,2.265965265,"0.2579505300353357
",-0.33927455239146886,279.7300970888947,0.6863040837500001,-0.607070623224343,2.2158422,2.2158422,-0.07798782500000001,-2.9350965,-4.822372,-0.38017342895,-0.6195210703864527,1.8265954772277473,-38.017342895,0.30117364967188287,-9.124643089676931,227.2020841802782,-8.136700176470589,1.267585800022979,0.0,-1.5049704,-9.51488875,-11.652967,-15.423327,-9.176786765,0.848562080502464,2.7997377695603394,-917.6786765,0.2974136651126882,-2.189130878987885,360.205000597078,-0.4440119541176471,2.0618883850369603,6.4440994,6.4440994,-1.48783105,-4.7125,-11.301349,-1.9587906657,-0.6940724227663417,2.787028279759208,-195.87906657,"0.2713127653888411
"
55,-0.18217343917210604,83.88619089001466,0.01971794750000007,-0.838353665286554,1.758652,1.758652,0.4135495,-2.7701442,-3.7379363,-0.1674584136632653,-0.708726795708634,1.5187734957501775,-16.410924539,0.28040540540540543,-0.2590831341313105,148.1177209344777,0.49739632613333346,0.45666232869394996,2.101856,2.101856,-0.0026650250000000014,-1.1042209,-3.6793144,-0.19447444397959182,-0.5720313961316938,1.171925289550921,-19.05849551,0.28896821349651536,0.016264906380673114,48.06108940563514,0.256603050875,0.00604909564398648,0.6928022,0.6928022,0.15774542000000003,-0.23128968,-0.98377997,0.036586623340816325,-0.8452880938033687,0.3986905178502524,3.5854890874,"0.28792707802141765
",-0.42558992165102016,277.24569232740197,0.573279725625,1.1564174719530476,4.253405,4.253405,-0.42661285,-1.6756155,-7.545509,-0.5770817606161617,-0.6706904073579232,1.9417891830463705,-57.131094301000005,0.3000637755102041,-9.734843174903062,311.702272431941,-8.495922686666665,1.3139786049010835,0.7601193,0.7601193,-10.20428,-11.623629,-16.373102,-9.733911287676767,1.0123283270484367,3.3829972869822753,-963.65721748,0.2829251700680272,-1.0517142274198983,277.800446899296,0.2115517411111112,1.7695989942308863,10.520872,10.520872,-0.8677455,-6.3869185,-9.058862,-1.144202452858586,0.12122179959652415,3.00429806683714,-113.27604283299999,"0.27893990929705215
"
56,-0.018606126460572588,51.2108837148676,0.18005220000000002,-1.1819798198966465,2.0400364,2.0400364,0.32721567,-1.8140769,-2.1519513,-0.04948319508910891,-0.2322898546991884,1.1922497801482306,-4.997802704,0.284960895458133,0.0691988156426418,64.25219740567573,0.43564807706666664,-0.04164082810725178,3.100557,3.100557,-0.0820709,-0.9880431,-1.9675593,0.06276874187128713,0.7273678690874784,1.2161405406352428,6.339642929,0.28585300519002177,0.004893991178051239,29.903262756434554,0.224254563,-0.613716481413102,0.70878994,0.70878994,0.044765607,-0.6320494,-0.8590756,0.006373683019801978,-0.31087536005287053,0.367691617862332,0.6437419849999999,"0.25841285786037166
",-0.7139316117452353,155.2734596636324,-0.20684617199999988,-0.6753444622241416,3.3741333,3.3741333,-0.6399193,-2.8774662,-4.4809318,-0.7366033772079208,-0.12515635733917818,1.6436984607363827,-74.396941098,0.24267539460486723,-8.539467186910732,295.5633045480344,-7.653025506666667,0.25267856774054787,0.0,-2.8966265,-8.855735,-10.203681,-14.626833,-8.625487882178218,0.24537795687445077,2.5371636921099245,-871.1742761,0.2764292878635908,-2.092123862627132,357.11749037758733,-1.4496978632999995,1.4626943298734139,2.8512707,2.8512707,-1.4434483,-5.999524,-12.718601,-2.158210502891089,-0.9822944169150765,2.800907071287891,-217.979260792,"0.24749247743229688
"
57,0.09216148492323241,72.087169458921,0.7700352899999999,0.33253062297445357,1.5390872,1.5390872,0.35066414999999995,-1.1148794,-2.7147202,0.08988278067,-0.8645088432444807,0.9664716223228935,8.988278067,0.263986013986014,-0.8632562000353536,92.27487180774101,-0.16581616857142858,1.2283585337589127,2.5015495,2.5015495,-0.71625145,-1.9046744,-4.102457,-0.8928522162,-0.10678788126557975,1.031951953632809,-89.28522162,0.27195767195767195,-0.0970834027651516,43.033182507613795,0.29390790358333335,1.69560406575859,1.9259907,1.9259907,-0.1252376775,-1.1074183,-1.6382118,-0.084458286627,0.34616345934508896,0.5547590559336831,-8.4458286627,"0.26401515151515154
",-0.18197422430085827,311.1655306215698,1.57347437,1.3761448035533546,6.1439734,6.1439734,-0.28440856999999997,-1.916315,-5.884563,-0.18251695815999996,0.1431854428533013,1.9668725741156134,-18.251695815999998,0.26014999639431746,-9.846825023144875,352.24516760800407,-8.048357464705884,0.6907312571291926,0.0,-4.052822,-9.630523,-11.026072,-18.42264,-9.714540484,-0.6237849199495795,2.826764636595013,-971.4540484,0.27502449743148144,-0.2697402609838463,398.05558765872684,1.6814866511111108,0.5931340562890015,5.011279,5.011279,-0.0239501945,-1.3039384,-8.299491,-0.30569282249,-0.6424077715784102,2.558046393047077,-30.569282249,"0.2909585506758652
"
58,0.036292384616549024,41.95614784769523,0.022382502777777726,-0.4957574335378383,2.073078,2.073078,0.41727979,-2.5111427,-2.6273203,0.045074501759999996,-0.747386102969202,1.3383062961569017,4.507450176,0.23253727996412155,-0.09954948222376375,83.60656483147679,0.4863318395214286,0.6191644140897008,2.9843795,2.9843795,-0.135896045,-1.0946282,-3.3915348,-0.141960876187,0.11369975218262396,1.3133988119801163,-14.1960876187,0.2453510162894623,-0.11289545198637731,41.72450970470385,0.10693998900000003,0.20804856707671737,0.9773841,0.9773841,-0.08420223,-0.49881807,-1.4186465,-0.11735039207999999,-0.3652751898450863,0.4836019455691836,-11.735039208,"0.24201143625967036
",-0.2584103131361224,155.732886872179,0.8352630731249999,0.17981878208863833,2.1249812,2.1249812,0.104183346,-2.2257216,-4.687652,-0.2740498081080808,-0.9183271916617377,1.5465145616796498,-27.1309310027,0.2525829081632653,-9.412880671479591,231.91407273052243,-8.767493083333333,1.4074311985464654,0.0,-2.6661057,-9.49251,-11.717933,-14.352604,-9.311739174747474,1.0306632060610537,2.504814401339495,-921.8621783,0.24367913832199548,-1.2706269743395406,213.13067600818073,-0.490567344375,2.515282259378335,1.8287472,1.8287472,-0.4125421,-5.061275,-9.895323,-1.185457547888889,-1.607315260861283,2.4264521739049805,-117.360297241,"0.2813775510204082
"
59,-0.2750635913356201,36.53280623916664,-0.09893053272727283,-1.017379476439589,2.1519508,2.1519508,0.26965997,-2.4205456,-3.1879575,-0.23864304856565657,-0.4368724903841617,1.505087952199319,-23.625661808,0.2711921324058527,-0.11464078323456459,66.93683292906897,0.7543931464285716,-0.10052443867023975,3.2561715,3.2561715,0.002131594,-1.5209683,-3.0366068,-0.0406640953030303,0.21020368894262426,1.3497692943952098,-4.025745434999999,0.241688654353562,0.002579939311345616,17.778846004613015,0.2363899925714286,0.11405394130981028,0.93901354,0.93901354,0.11511141,-0.38796985,-1.3141936,-0.0036715898989898997,-0.6620749667455135,0.4668349836431129,-0.36348740000000007,"0.2852996607614022
",-0.09966203000252499,182.23876561218512,0.6996186704117647,-0.2540970722098872,2.8705807,2.8705807,0.0294138325,-2.0926483,-3.7250037,-0.09035959643000001,-0.5199357139039742,1.427493680174388,-9.035959643,0.2667855020796197,-9.85555139348485,128.98795458091055,-9.428393526666667,0.6909052574805226,0.0,-2.4068449,-9.7300665,-12.651092,-14.253809,-9.843971913,0.9322159758958998,2.835172699494298,-984.3971913,0.2774747474747475,-1.2605495107295452,255.5992202967421,0.255693301888889,0.9905289371800574,5.1172585,5.1172585,-0.70009415,-4.400998,-10.552755,-1.19949463513,-0.738447931990965,2.7980654239279485,-119.949463513,"0.2940796857463524
"
60,-0.07430679323448632,93.04657194271246,0.09335038916666667,-1.1020637791347554,1.9281223,1.9281223,0.39116642,-2.424809,-3.4149837,-0.15458022924752474,-0.5333762978308678,1.5363284022800492,-15.612603153999999,0.2762377076975246,-0.14793472209562566,144.6039210175499,0.47847748199999995,-0.36719291381892827,2.6092005,2.6092005,-0.18865593,-1.4762027,-4.040638,-0.2023324274257426,-0.07895043296417016,1.457775912432298,-20.43557517,0.2744150559511699,-0.09873321759409974,43.62049498710222,0.19682657222222222,0.4260682722636835,0.99230605,0.99230605,-0.09166361,-0.36878443,-1.5433512,-0.11703276413564356,-0.3525186938042201,0.4858404664184283,-11.8203091777,"0.2767604837798124
",-0.6517222270473282,304.9322033008844,0.21363076777777776,-0.4618809495072589,2.4745042,2.4745042,-0.55145322,-1.9649638,-4.907844,-0.5153034250999999,-0.31508859353645186,1.5797768000882237,-51.53034251,0.264715860899067,-8.555308178778628,367.5389696474117,-8.18678495,-0.18167429788513445,0.0,-1.1587404,-9.177939250000001,-12.660073,-14.4987,-8.409920971,0.621439771640468,3.260889664223553,-840.9920971,0.27646310432569976,-2.21342926320458,466.99759562698085,-0.9376413611764705,0.6148111917706229,6.278843,6.278843,-1.7723144,-6.9389706,-12.4651785,-2.39984102424,-0.49356897190987015,3.2009065974728363,-239.984102424,"0.2875018709773986
"
61,0.2585902231692814,25.98734821577557,0.6057303892307693,0.2720432633451666,1.9920733,1.9920733,0.49348828,-0.76208323,-2.112515,0.26606385289898987,-0.6510148159289215,0.8924635474282452,26.340321437,0.24373248209280599,-0.0883245562242409,41.692353739997536,0.409975778352941,2.5809883540017022,2.8980458,2.8980458,-0.29950416,-0.61499554,-1.2609011,-0.1012345436969697,1.6997744787196198,0.8669443594143197,-10.022219826,0.24690402476780185,0.04891255272165994,16.795969092947605,0.1557777396923077,-0.07079809777062662,1.0626519,1.0626519,-0.006395315,-0.4050234,-0.6650907,0.0409111036969697,0.5077737650596359,0.36388514087205664,4.050199266000001,"0.293444409841171
",-0.5554252336720403,126.09840252640905,-0.07908553111111118,-0.39652907124774694,2.409689,2.409689,-0.72673875,-2.1002824,-4.096082,-0.54747002299,0.2854647744523853,1.3121959257657752,-54.747002299,0.2614889448642597,-9.469131586599495,160.284313900655,-8.501795437499998,0.7526245584739923,0.0,-6.6680336,-9.3604845,-10.592124,-14.551989,-9.49282603,-0.8341932783373834,1.6612580600283802,-949.282603,0.2669710327455919,-1.2437705887204031,144.2998664255435,-0.39872396937499993,0.13875062977449115,3.2609687,3.2609687,-1.3115725999999999,-4.2174797,-5.831274,-1.2802142809,0.050463317979981694,1.8201981183116729,-128.02142809,"0.2322103274559194
"
62,0.012136573415330367,28.181703811077448,0.1602698745368421,4.8181112476435555,0.8228361,0.8228361,0.005862017,-0.16627286,-1.5199025,0.003545282767346939,-0.9026252499782573,0.31922008709197064,0.3474377112,0.2630782705629429,-0.029759495192410505,47.40449388318155,0.3995158231111111,3.690726165924837,2.4962204,2.4962204,-0.00266502535,-0.6096665,-1.7735747,-0.008374878894897955,0.34455282545117394,0.6074441711073557,-0.8207381316999997,0.26514260099736653,0.023811468289157797,23.634293276270178,0.1678990900526316,8.128566226751326,0.62991697,0.62991697,0.034639869000000004,-0.01811988,-1.2108059,0.0044479880020408145,-2.0029310972138696,0.24802425920518908,0.4359028241999998,"0.2737213684741354
",-0.8154141239008079,168.64458031144991,-0.1787283320894737,1.4337144714220518,1.4880556,1.4880556,-0.6971752250000001,-1.171464,-3.0514045,-0.776284214045,-0.5628142593052482,0.7839130199620522,-77.6284214045,0.2786471479050984,-9.713025740598184,268.23604106247967,-8.738559314583332,15.47971905338333,0.0,-0.98570025,-9.6749805,-10.379865,-14.364878,-9.6785313155,2.134124737707251,1.3843432651082999,-967.85313155,0.25323910482921086,0.3892663130075721,146.35402341670206,0.9930962068181818,3.4865716168046585,3.6997063,3.6997063,0.29683274000000004,-0.24788453,-1.2379258,0.33127161911,1.0603731124793847,0.7534521351821517,33.127161911,"0.2756872103161856
"
63,0.5465603197580892,93.15303076337915,0.9216268306875001,-0.4820179486373899,2.746695,2.746695,0.23875,-0.7397002,-1.0701135,0.395822057045977,0.5469438223480055,0.9583115260275454,34.436518963,0.2520854398382204,0.7374611653907988,177.2931892209092,1.0272422116666666,0.5129075131072716,4.2996387,4.2996387,0.31122765,-0.36985022,-1.5326927,0.5559813232643678,0.9568336448046396,1.3012547004945334,48.370375124,0.26261094259072015,-0.7541091615146613,84.92802260944921,-0.40881302361111116,-0.5430387139782336,0.39969334,0.39969334,-0.5670325,-1.8513819,-2.1380954,-0.600282141724138,-0.45468210173553014,0.6220009952433403,-52.22454633,"0.2666273452421076
",1.6166837732583623,310.39087015534864,2.6876530866999992,-0.09831765504226153,6.9599266,6.9599266,1.4871575,-0.87133807,-3.9050794,1.3671580222402062,0.053815758236855166,2.0924280966203295,132.6143281573,0.28291800749980056,-4.501942985035371,242.4171321981214,-2.543282321052631,-1.4558312515096914,4.313879,4.313879,-3.9713914,-9.150472,-14.119688,-4.356231920835052,0.04477040211257588,5.623654823136052,-422.554496321,0.2964282864817425,4.930329787706417,450.8695067778183,5.578156390666666,-1.551239886784391,13.833782,13.833782,6.2267513,-1.0192305,-3.3498838,4.694256776628866,-0.05888587245736804,4.7721061396306395,455.34290733299997,"0.25151591712986354
"
64,0.04609378740817043,30.90678572934332,0.1502218527647059,2.8733345081837776,0.5649004,0.5649004,0.046897203,-0.0724782,-0.60860074,0.059075185933663364,-0.4726568736187517,0.1718990077939371,5.9665937793,0.2805543269939555,0.07603698711654135,30.862182428028902,0.14447562410000003,0.05933030304582587,0.7546216,0.7546216,0.015987223,-0.16414127,-0.46790862,0.06115414286138614,0.5307636450524332,0.23579767721251269,6.176568429,0.27283208020050126,-0.09404622099899751,15.418236169330818,-0.04263430642105263,10.615157298548565,0.16307494,0.16307494,-0.074609786,-0.29204303,-0.8953146,-0.08313661161386139,-2.4772988068299115,0.15283085029072202,-8.396797773,"0.23740931275557314
",-0.5118917462056737,63.22829467827824,-0.3980444781481481,1.2596380850058928,1.5129039,2.2998176,-0.7550299300000001,-1.2922627,-1.6118481,-0.48922165535,1.32646006007891,0.7853737774298811,-48.922165535,0.262223723216631,4.730228034321176,88.42730818917099,4.8544182391304345,1.0497082021084605,5.7327785,5.7327785,4.7935567,4.138294,3.0909224,4.700984757,-0.6591403932467202,0.4504970010474098,470.0984757,0.26417338443240385,8.852850628926038,118.38869474050199,9.11002565,1.5492172525449535,10.15114,10.15114,8.8306615,8.378976,8.137229,8.842659115,0.5864366413005965,0.3439339477965992,884.2659115,"0.2655015197568389
"
65,-0.025343519422311212,4.615097242049724,0.029995677999999998,-0.3828565194773752,0.11724327,0.11724327,-0.0389037235,-0.09166361,-0.17479977,-0.028148432495454546,0.4528680120465946,0.07040028793137663,-1.2385310298,0.2974828375286041,-0.05061904967505721,12.96319836498555,0.006794488874999999,-0.5774260139455762,0.13749447,0.13749447,-0.0303770805,-0.1289681,-0.36665285,-0.055521401477272726,-0.44278539593291644,0.119786532693964,-2.4429416649999998,0.29376430205949655,0.035131862262757434,12.169887744610996,0.08233651775000002,1.723812012771793,0.13216496,0.13216496,0.0575557055,0.018119348,-0.2238291,0.029310532511363636,-1.3792296214511732,0.08113608851900284,1.2896634305,"0.278175057208238
",-0.05808031393695407,17.91421077188194,0.058174471272727284,-0.9452754498093658,0.4867877,0.4867877,0.039517824,-0.6212082,-0.8544232,-0.04127084498222223,-0.5970849227779295,0.3987012998017722,-1.8571880242,0.28982999083782957,4.8562159098544235,37.85195866003328,4.942176307142857,2.36265480336409,5.4913306,5.4913306,4.8377895,4.642446,4.028423,4.840713715555555,-0.17559806247015552,0.24161793846385118,217.8321172,0.2868341065429531,8.67468981886898,33.160265478415276,8.882063,-0.43791848156759716,9.210647,9.210647,8.760233,8.400082,8.140672,8.704485666666667,-0.43298406847740284,0.2527389077485759,391.701855,"0.3180291153415453
"
