,ax Area Under Curve:,ax Average Slope:,ax Avg Peak:,ax Kurtosis:,ax Max Peak:,ax Max:,ax Median:,ax Min Peak:,ax Min:,ax Mode:,ax Skewness:,ax Standard Deviation:,ax Sum:,ax Time To Peak:,ay Area Under Curve:,ay Average Slope:,ay Avg Peak:,ay Kurtosis:,ay Max Peak:,ay Max:,ay Median:,ay Min Peak:,ay Min:,ay Mode:,ay Skewness:,ay Standard Deviation:,ay Sum:,ay Time To Peak:,az Area Under Curve:,az Average Slope:,az Avg Peak:,az Kurtosis:,az Max Peak:,az Max:,az Median:,az Min Peak:,az Min:,az Mode:,az Skewness:,az Standard Deviation:,az Sum:,az Time To Peak:
0,3.709524446247474,558.6999798213225,5.455704740952382,1.4815891733267144,14.780563,14.780563,3.6134858,0.64695466,-4.8220725,3.9812354893548387,0.6922545094151116,3.2220869582016047,370.25490051,0.3154882154882155,-3.2744650190323235,369.21489778233024,-2.5903177778260873,-0.8220426539825039,3.2606695,3.2606695,-1.7209712,-8.42972,-15.572417,-3.7188698007419356,-0.49261481692772224,4.603482395967327,-345.854891469,0.29626701800614846,2.910569123514646,415.4875964592266,4.123175869789471,-1.6200844817543674,11.103011,11.103011,2.314487,-3.233875,-7.147187,2.669345845655914,0.003902781918377085,5.56213543572576,248.249163646,0.2913875598086125
1,-0.2823346984034641,94.21284847581106,-0.16334157779166666,7.906670387498043,0.29114455,2.2029688,-0.2719844,-0.59635985,-1.8702109,-0.3224536976363636,0.5946773176027073,0.5019598744746715,-31.922916066,0.30435982339955847,-9.807525100866021,220.09125252451804,-9.37322432142857,6.51030452966438,0.0,-6.13619,-9.540561,-11.799962,-13.201946,-9.735575954545455,-1.3083948427805947,0.9291644202834963,-963.8220195,0.2663743541226985,-1.4440355446367803,95.84853575463042,-1.1960194004347826,10.50594209031682,0.9514215,0.9514215,-1.4795233,-1.7049545,-2.348167,-1.4035721723636363,2.6662692430654884,0.41970462495743954,-138.953645064,0.2666947219207513
2,-0.6352356912241628,69.54058421066884,-0.5110871956666666,-0.4393360370286006,0.25177643,0.25177643,-0.44128234499999996,-1.6164885,-2.0842657,-0.6290473904167,-0.7936125488704832,0.5814612562504113,-62.90473904167,0.2531417923383602,-9.543725610062404,68.6257239646817,-9.370051878260872,8.085386010076508,0.0,-5.0346303,-9.541458500000001,-10.540031,-10.993888,-9.50581459,2.4486133608624625,0.9658351249923746,-950.581459,0.20246896832395034,-1.7828677059906395,66.14552973642192,-1.5623082923809524,2.766156642643492,0.0,-0.8029303,-1.4348412499999998,-3.4624498,-5.744155,-1.8501001984,-1.9363412064365402,1.09446861391872,-185.01001984,0.2256147388752693
3,1.6486456382651513,95.30523690940856,2.32561074375,1.6443334119705684,3.575315,3.575315,2.0056792000000003,-1.4314733,-3.4093103,1.6309723737,-1.464993080594975,1.537158991065848,163.09723737,0.2763888888888889,-7.651852298661616,89.1137098690251,-7.057764972222223,1.7120924248952027,0.0,-3.3876054,-8.0628335,-8.283624,-10.628947,-7.631680358,1.3685315250907149,1.4750861734573524,-763.1680358,0.26265432098765434,-5.01801702699495,100.1861203141806,-4.6077324952380945,-0.7042953199449777,0.0,-3.4010775,-4.773273850000001,-6.778354,-7.174281,-5.009714756,-0.5270221072285909,0.9930421201494789,-500.9714756,0.23915343915343915
4,3.920014645267677,142.6622485907076,4.987962705882353,-0.862400848475291,6.5449896,6.5449896,4.363875,1.4202466,-0.9226813,3.86759578005,-0.6429227578132319,2.1119219600894152,386.759578005,0.30549613784907903,-7.2069436610101,115.91925269534953,-6.610351279999999,1.8934918193659946,0.0,-5.3612514,-6.86090765,-8.222551,-11.642939,-7.131826307,-1.15123330008809,1.1505861897376306,-713.1826307,0.2738383838383838,-4.621392391590909,106.76720829434794,-4.07568044117647,-0.026194566085399718,0.0,-2.6767337,-4.3993514,-6.069129,-7.587422,-4.594416874,-0.6515422310963624,0.9909320818147537,-459.4416874,0.24340463458110517
5,5.83133381866768,110.52120013423543,6.200562079166667,-0.619555535403864,7.2648425,7.2648425,5.997278700000001,4.8431787,3.9359152,5.86396132,-0.49290360904503555,0.7781724764412302,586.396132,0.24765704154002027,-3.992572537634245,122.36575392193096,-4.020896822222222,-1.225245866519647,0.0,-0.5632787,-4.5760591,-7.0437527,-7.6193056,-4.1022328824,0.07470608039109197,2.0572615252624855,-410.22328824,0.23606889564336372,-5.71279042639311,99.26501701782757,-5.577830472727273,-1.1687388378892387,0.0,-3.4591568,-5.398448800000001,-7.555089,-8.231832,-5.667725419,-0.25036762777883376,1.2464184395245395,-566.7725419,0.26024684535322834
6,5.825772170343261,85.1527668314467,6.098041333333334,-0.7329569265450697,7.358997,7.358997,5.8997562,4.344116,4.049529,5.800773244,-0.3386156140400798,0.7970787631928085,580.0773244,0.2734496232729448,-5.167381490300353,63.72940105423588,-5.4491035885,-0.9771867554551852,0.0,-0.69725007,-6.09861785,-7.64625,-8.238717,-5.1807296313,0.6744802861617445,2.2888542665880545,-518.07296313,0.28914689550731953,-4.928951687380111,54.073132388403586,-4.69209021,-0.6882354532772741,0.0,-2.4375312,-4.60689495,-7.4354877,-7.5824823,-4.907303727,-0.44772476356157714,1.247279132334109,-490.7303727,0.2701665825340737
7,5.8365425841161604,194.17076191317673,6.306743782608694,-0.3267472673904366,8.717273,8.717273,5.597011,4.9070954,3.3780253,5.816137115151515,0.5281024188459735,1.1538352331957533,575.7975744,0.23827404479578393,-6.197948577833332,401.3386497725685,-5.860014048999999,0.26812309095885833,0.45250902,0.45250902,-6.9754944,-8.941057,-12.6091795,-6.302513544242424,0.5828941355622764,2.415892455105604,-623.94884088,0.22825757575757574,-3.2958223711439394,182.26752568110982,-2.791505924782609,0.9048129094093578,0.0,-0.43589357,-3.1739995,-4.903054,-6.5306196,-3.3822347996969695,-0.6796494320753165,1.0639626650666725,-334.84124517,0.24967061923583664
8,6.3710080099744895,78.60898302523707,6.648188199999999,-1.310337150960883,7.9405375,7.9405375,6.252947,5.2426977,4.663702,6.322069871717171,0.060057011543468417,0.8567066366089066,625.8849173,0.279484425349087,-4.433676780607143,63.561576472053844,-4.491120662666668,-1.4377411027115765,0.0,-0.49996033,-4.724026,-8.043224,-8.220904,-4.374135766767677,0.1266144441946178,2.5954803758270515,-433.03944091,0.2830952380952381,-4.611432350076531,74.01176457911241,-4.5782768,-1.1371435478345118,0.0,-2.235601,-4.1824527,-6.661298,-7.450157,-4.623898185858586,-0.29324507316107,1.4103721933960087,-457.7659204,0.26254027926960255
9,6.49184603779652,108.27234410056379,6.798277252380951,-1.1017557578677408,8.342003,8.342003,6.4438,5.6809864,4.6051736,6.430373437373738,0.11433112544253562,0.926048136935943,636.6069703000001,0.25262946507016093,-4.683931610242489,72.83418225158333,-4.143191339285715,-1.2941723172644453,0.0,-0.18411712,-4.990772,-7.5491014,-9.062005,-4.48693604969697,0.21218992549783272,2.535833345623776,-444.20666892,0.21383387303260787,-4.381642764944649,79.44156924437836,-4.106845442857143,-1.0368355756629841,0.0,-2.0811224,-4.2059536,-6.2286973,-6.7326994,-4.442431602020202,-0.18767979552667424,1.224561844669806,-439.8007286,0.27469437959685716
10,6.877944636359078,210.3515119571083,7.282595769999998,-0.48826752925205463,8.587193,8.587193,6.8480342499999995,4.580325,4.301455,6.771307226470588,-0.5534602086434659,1.1021750757516193,690.6733371,0.22362086258776329,-4.916347016569709,143.66079114997174,-4.5303010668749994,-1.296969538739988,0.0,-0.20657043,-5.7237973,-7.3494167,-7.9637394,-4.693834734215686,0.3926175206543702,2.465464042040784,-478.77114289,0.3041938314944834,-4.29207825205617,117.9317059615768,-4.0594735,-0.865628946011713,0.0,-2.5783882,-4.0114332500000005,-6.2002563,-6.7663794,-4.299639749019608,-0.5512539554147492,1.0513530746417825,-438.5632544,0.2562906109633248
11,6.959117035876705,107.75445388901865,7.3807317999999995,-0.6016803307190699,9.003627,9.003627,7.0763096999999995,5.258864,4.5340714,6.946522181,-0.4642445312857927,1.068122542388581,694.6522181,0.2371399696816574,-4.738887710871653,81.85218997547798,-4.38954686,-0.6376369731803022,0.5149292,0.5149292,-5.6514975,-6.8186207,-7.7088194,-4.7484285764,0.8335600033309155,2.503673389462148,-474.84285764,0.22182920667003536,-4.0948086149823135,76.50608238937083,-3.6495606526315783,-0.3196743753151967,0.0,-2.392774,-3.90597745,-5.9338107,-6.310427,-4.082132652,-0.7489258013347349,0.9723854781338692,-408.2132652,0.27345017419749473
12,6.630541915648663,83.68578754573744,6.976983784999999,-1.0012733931711522,8.592582,8.592582,6.8084418,4.7383966,4.2908273,6.623595662,-0.31109058410412727,1.25495782499119,662.3595662,0.25017667844522967,-3.508010160274357,78.27015178537633,-3.537607155454546,-1.5197063754946825,0.42167312,0.42167312,-3.37143905,-7.0058813,-7.2096076,-3.46727726602,-0.06700132430253387,2.6563134149846643,-346.727726602,0.33518425037859667,-4.439079554366482,78.84486582166481,-4.1698936799999995,-1.3187110423685982,0.0,-2.826123,-4.1016208,-6.163583,-6.2834835,-4.425856901,-0.2943704502080983,1.0681396006809698,-442.5856901,0.30020191822311965
13,7.129766141691767,93.58087426642739,7.842499822222223,-0.05819273397107505,9.818233,9.818233,7.504719,4.893923,4.2719665,7.193156805,-0.6166202897300285,1.1735743638769986,719.3156805,0.27370593485051314,-4.780521556676204,110.179586534642,-5.1127579743333325,-0.7707562514697988,0.3915857,0.3915857,-5.73225465,-7.080576,-7.417076,-4.8008151471,0.7835641103521822,2.4932044960814,-480.08151471,0.2878179384203481,-3.9392380870230927,66.458874215971,-3.7867436227272733,0.893791703426845,0.0,-2.7291248,-3.5520384,-6.426436,-6.6565075,-3.942235079,-1.3295502485050026,0.9736484564460288,-394.2235079,0.2732749178532311
14,6.737166891924051,84.1507665060601,7.071322349999999,0.7944740818399665,9.633817,9.633817,6.81248335,5.4110975,4.1632924,6.727587401,0.31908256942223123,0.9571038026174616,672.7587401,0.24996547756041426,-5.6902956784126575,45.99106658016384,-5.5795919047368425,3.430813013582676,0.11795471,0.11795471,-5.9679396,-7.487729,-7.664212,-5.6678122223,1.9160568349543101,1.666693259558912,-566.78122223,0.26680879413724184,-3.340267190708861,51.779556423524774,-3.0335257559999995,4.908681782848024,0.0,-2.27946,-3.1304402,-3.9746847,-6.658603,-3.3585089360000002,-2.0392062010967487,0.8023074756419818,-335.8508936,0.24403037974683545
15,6.86307391925795,138.35776579019605,7.81804538125,-0.6931812642844806,11.443852,11.443852,7.069499,3.8775365,3.0720615,6.8944544290000005,-0.21130291952086264,2.0015233201062914,689.4454429,0.2456776880363453,-3.981693939984351,112.07565150815338,-3.3510920678571425,-1.2085252640954673,1.248853,1.248853,-5.54267415,-6.596632,-9.194031,-4.03678447008,0.5398770249687355,2.928304140203283,-403.678447008,0.27893560250955507,-4.063074962670369,76.0233258950832,-3.6905837,-0.24195483767369375,0.0,-2.57749,-3.78540315,-6.194718,-6.464607,-4.051136615,-0.8381228373288206,0.9791381531699942,-405.1136615,0.2363845420382523
16,7.351165251892033,362.27120867076144,8.580563814285714,-0.22946384205198678,12.340637,12.340637,7.392227849999999,2.1603076,0.42646316,7.036457389387755,-0.42215243997550006,2.6564344092536962,689.57282416,0.25883498053309373,-3.8911823849979035,266.5337663559679,-2.6182678666666668,-1.163375796094702,1.7545015,1.7545015,-4.7240262,-6.976243,-8.948242,-3.7406951786530613,0.32591505579467406,3.068986655800742,-366.588127508,0.28214535290006987,-3.973973357887841,189.85465581314824,-3.063371338888889,-0.3015538128735744,0.0,-1.5446379,-3.7623511499999998,-4.526587,-7.0629125,-3.8425323530612245,-0.20830660038314322,1.1486885737887913,-376.56817060000003,0.2568716515257396
17,8.16105385533635,193.3550221880683,9.03777588,2.0414229202425123,11.393108,11.393108,8.7225115,3.5404377,0.81670165,8.103955638414634,-1.4982858061374134,2.2316255500269158,664.52436235,0.2667960327727469,-4.2864971637024585,183.5478820093442,-3.895227076363636,0.017333206282445612,2.4406745,2.4406745,-5.05408975,-6.8620305,-7.2239776,-4.292502974926829,0.9448219793324301,2.4929325924662664,-351.985243944,0.3255321651181936,-3.495628689230272,119.69076592778171,-3.005541583333333,-0.5144784087469914,0.0,-1.5471826,-3.45968055,-4.7132487,-5.6769447,-3.4729845792682927,-0.24551560915045492,1.0611380470525014,-284.7847355,0.27077044703176656
18,7.541444965464834,697.409278917004,9.54020096,1.6001260780152693,17.644258,17.644258,7.9683795,4.002377,-0.26973906,7.356138856533334,-0.1575625828529603,2.9055591768207485,551.71041424,0.32223120452708165,-3.6214561593330643,434.3634031756295,-2.289089811083333,-0.5709302968770005,2.2107527,2.2107527,-3.315156,-6.133645,-11.086844,-3.27018359964,-0.0471784574959257,2.8316312130801973,-245.263769973,0.1978577202910267,-3.4578767288601453,300.887098423263,-3.072692471428571,0.8823949517482337,0.0,-1.4970369,-3.4384997,-4.602479,-7.1768255,-3.570644810666667,-0.7046890743301979,1.0379961050542594,-267.7983608,0.22225430188243447
19,7.318195345562131,235.16788981322193,7.619941775000001,0.16882797361614887,8.395292,8.395292,7.398814,6.1550503,5.6010528,7.326670838202247,-0.5997566833315655,0.5879148749397284,652.0737046,0.26364234056541747,-5.533595142307693,195.1928579800596,-5.336632506666667,0.8063713353079991,0.0,-3.9583685,-5.5760546,-5.9752746,-6.6232767,-5.524541428089887,0.8403742100610802,0.5102727658505405,-491.6841871,0.2556213017751479,-2.467788108481262,122.95124033135865,-2.4172803904761913,-0.4525348193846992,0.0,-1.7425264,-2.5047414,-3.0368848,-3.3826656,-2.5203089921348316,-0.19905614998518567,0.3292793592735641,-224.3075003,0.22735668889515043
20,7.49444017610483,271.315266110044,8.123389865,1.1583927534256917,9.63711,9.63711,7.530689799999999,6.8647246,5.637277,7.496985921,0.0795229237395622,0.6610472784268072,749.6985921,0.24409044193216856,-5.476285977543679,212.55162977137672,-5.0298167631578945,-0.4616354556131994,0.0,-3.9332209,-5.4470977000000005,-6.2276497,-6.766679,-5.463494609,0.14212707119120277,0.6059371565965397,-546.3494609,0.24582138800238004,-2.6685404924717364,117.27591837443063,-2.4529490692307685,-0.6055288722623442,0.0,-2.073039,-2.6489665000000002,-2.970423,-3.3058753,-2.638750195,-0.19205513868182628,0.2998420207736287,-263.8750195,0.26962605739584156
21,7.633010559469698,309.9766472042445,9.15383597142857,2.288884525023665,15.456558,15.456558,7.44379565,5.962401,2.647694,7.746602381,0.9629522251822255,2.0261991455351636,774.6602381,0.2318181818181818,-5.860369345429293,290.89714343539714,-5.280119942857143,0.8383315485109479,0.0,-2.3032603,-5.887407,-7.8279715,-9.472901,-5.914145955,-0.10346031917364676,1.2260212248326874,-591.4145955,0.2583934583934584,-2.728252971868687,174.36399776351337,-2.3877711038461547,0.5065792983155641,0.0,-0.8744815,-2.7974577,-4.1924815,-4.8286586,-2.772432699,-0.24939125985135357,0.7199967124968227,-277.2432699,0.255050505050505
22,8.012200847928247,291.4017442000395,9.809064524999998,-1.0102975838752615,12.740456,12.740456,8.752,5.7553816,3.2689023,8.019529891,-0.29824906547045765,2.4403838089239693,801.9529891,0.275644264780192,-2.3958611700833754,158.43427428006123,-1.995500353333333,-1.3350054875828272,1.3471985,1.3471985,-2.8551626,-5.1121693,-7.8784165,-2.44285556552,0.12578042248150753,2.504414567020367,-244.285556552,0.24918308910224019,-3.362000995704902,157.16457963842814,-2.9002734272727273,-0.48391897849935317,0.0,-1.4322217,-3.2228731,-4.633315,-5.4893847,-3.341508809,-0.4504308398182306,0.8747920975564142,-334.1508809,0.2611741467224034
23,8.186882823939555,133.6014196616471,8.846333980000002,-0.7062124980807147,10.467433,10.467433,8.591908,6.43407,4.6084666,8.22313156122449,-0.5607032675890774,1.4893852829344076,805.866893,0.22612230470130787,-2.6529943373881233,107.78918172760677,-2.4423211239047617,-0.9875687348991455,2.389481,2.389481,-3.7884718,-5.3250265,-5.6932607,-2.7267449927755103,0.7331982781564138,2.3976513884864303,-267.221009292,0.2757915467353431,-2.7423240989660655,94.93052336826153,-2.447036354166667,0.031543633476609934,0.0,-1.212778,-2.5968747,-4.8235693,-5.1400113,-2.7212844214285714,-0.8764994259764041,0.9751361056469994,-266.6858733,0.2681159420289855
24,8.828771410783316,119.41062130630614,9.62959185,0.09807107940547732,12.347374,12.347374,9.356368,5.2323694,4.7873445,8.86132574117647,-0.824482933569808,1.5590336040411097,903.8552256,0.28142308127048715,-1.9572718993184133,95.83425833403673,-1.9369896705882355,-1.086473327335077,2.3626869,2.3626869,-2.5937313,-4.3987527,-5.816305,-2.023368861029412,0.36159577400661985,2.186830762781689,-206.383623825,0.26216264735802763,-2.5138833827975584,83.73268348071738,-2.1653914755555554,0.7166983340122268,0.0,-0.30731094,-2.23762185,-3.5317557,-4.742139,-2.540242537647059,-0.7656970192308216,0.79814372616192,-259.10473884,0.25974906748050186
25,8.385183802736572,82.41164460985537,9.035290441176471,-1.0529469858577782,12.256962,12.256962,8.87205,6.214028,4.199816,8.387816471717171,-0.19886565883130392,1.9804098210766545,830.3938307,0.29201143372950206,-0.5004451071938617,62.226492657701755,-0.2610998485714286,-1.340177234489063,2.9413834,2.9413834,-0.123792574,-4.317771,-4.487967,-0.4984649411111111,-0.2264519375453847,2.3265818466340495,-49.34802917,0.28377785896967483,-2.663061913887468,57.88474835832912,-2.4777513307692303,-0.9324342339591465,0.0,-1.3039384,-2.5277934,-4.0463853,-4.243376,-2.651988191919192,-0.3929532131032267,0.7831228903105911,-262.546831,0.24546527641156798
26,9.21946399140665,158.33464572912843,10.045944558823528,0.2996593469172,11.842323,11.842323,9.388776,6.4873595,5.2691927,9.231060318811881,-0.8626708266987383,1.5312491642231993,932.3370922,0.2789228223258613,-1.1814515736378517,90.86639621069452,-1.057355056923077,-1.111217128660497,2.7427464,2.7427464,-1.7301022,-3.3657508,-4.0320153,-1.149235889029703,0.47956178787829695,1.9748636390366896,-116.072824792,0.28085776116466654,-2.028462908414322,73.09273048951259,-1.8270801104545453,0.4831844824220699,0.0,-0.84110093,-1.8178198,-3.4355059,-4.280349,-2.039944554257426,-1.03500204773459,0.7870035709820777,-206.03439998,0.24215298767728435
27,8.524553714704396,158.0353230480827,9.581143529411765,-0.918298054657412,11.644734,11.644734,8.9506365,5.7646623,4.2287064,8.481538031,-0.5162745115235804,1.906512252941134,848.1538031,0.2911749843949707,0.3620868107448207,124.54363079055085,1.1306388162,-1.2189508378953875,3.3407528,3.3407528,0.534987485,-2.391876,-3.4826577,0.37392542498,-0.2684132110339452,2.0337618868825404,37.392542498,0.22065016001347482,-2.1851843841687724,129.2649234423161,-2.0071439714285715,-0.7684678439238555,0.0,-0.47975236,-2.1039498,-3.335813,-4.6279263,-2.2317435626,-0.17750554380549727,0.9101086660381983,-223.17435626,0.2626145961163647
28,9.287529327676769,203.54146514394657,9.823282805263156,0.08228406107110331,12.809612,12.809612,9.759704500000002,6.2637243,4.1670346,9.256148702,-0.7810041811388088,1.8196543619008094,925.6148702,0.25914407230196707,-0.7311750408535356,110.43868708599561,-0.659388145625,-0.7707272428532237,3.8731956,3.8731956,-1.44546915,-3.0307474,-3.247347,-0.7690796870000001,0.7069046665166201,2.0738067628613734,-76.9079687,0.2720643939393939,-1.8418981977954543,78.82489171277012,-1.5539904616000002,0.13684401953904324,0.0,-0.38155654,-1.7021853,-2.9898825,-4.1261697,-1.850856124,-0.8456204110618701,0.8338989915445488,-185.0856124,0.26305050505050503
29,8.93261969196564,105.19069975064089,9.475571731578949,-0.014319806688873005,11.9851265,11.9851265,8.978928,6.1944184,5.350324,8.915506591,-0.504962075651793,1.5405984822526195,891.5506591,0.3131565649849738,-1.211513760536382,74.38755046105922,-0.9596149910526316,-1.1745629209864354,2.6027875,2.6027875,-2.4194936,-3.3301249,-3.5245707,-1.23251896839,0.5870281891317375,2.0870191905632374,-123.251896839,0.2731310337491024,-1.8366963796867104,96.75281671172968,-1.461046510869565,0.25375489128381634,0.0,-0.9131012,-1.4676230499999998,-3.8279896,-4.1248226,-1.8380068455,-1.2028950526577282,0.9188740577840261,-183.80068455,0.277500714018938
30,9.20477249484588,183.70592162250946,10.151889162499998,-0.25926724269696155,13.406422,13.406422,9.357565999999998,5.6764956,4.855902,9.237963056,-0.4107408816665411,1.8773501816052305,923.7963056,0.24958943911066195,-1.196321034434083,75.97451526973431,-0.2575262329411764,-0.6491045550426762,3.3474889,3.3474889,-1.93779535,-3.0282028,-3.5983672,-1.199635345597,0.7550344754341098,1.9990651944657014,-119.96353455970001,0.30707725232589245,-1.986022486045983,114.64873236884709,-1.5181789403999997,1.7104565729337429,0.0,-0.55519545,-1.90254365,-2.9979658,-4.6291237,-1.9706085967,-1.1844246969782148,0.8143689820911916,-197.06085967,0.2619302678120263
31,8.435546918115211,625.9049378171977,9.769263214285715,-0.6937338239857538,12.695101,12.695101,8.5027685,5.2215915,2.535727,8.330014442857143,-0.3480824298302012,2.4909342107579975,758.0313143,0.2664043889410236,-0.06967148641889831,354.44852754746313,-0.10375191882352951,-1.5565931150271735,3.4139507,3.4139507,0.21315674,-2.9942236,-3.542234,-0.019115756296703295,-0.056122453930510456,2.2940535324037166,-1.7395338229999997,0.2906696786850162,-2.255821587417888,254.57136297158408,-1.7918413499999999,-0.46803188621921477,0.0,-0.981509,-1.9883152,-3.3352144,-4.364175,-2.2298750373626373,-0.5904541885863515,0.7890988363451727,-202.9186284,0.3109398686205154
32,9.315146220574889,303.10722050650037,10.877160700000001,-0.13904813798308346,13.374088,13.374088,9.362431,8.294402,5.009483,9.375353822222221,-0.030425742239923174,1.7881260414018336,928.1600284,0.26515380736258193,-2.4971344859909226,156.93811875331,-1.9607164187500004,-0.2317050705954351,0.0,-0.34143996,-2.4043002,-3.0036538,-4.075425,-2.4667688151515152,-0.043296905366712594,0.7722486936715497,-244.2101127,0.28596192637418055,-1.4214178602319716,115.45875089030984,-1.125221627692308,-0.03580214727451514,0.0,-0.21390519,-1.4361136,-1.8151255,-2.6625133,-1.4421026433333333,-0.0046992433868319975,0.5005082644446956,-142.76816169,0.2364521509756003
33,8.570467712449496,170.73522896897563,9.289318528571428,-1.2421582999448957,11.94486,11.94486,9.0437435,5.962102,4.4791355,8.577913584,-0.3735467013360469,2.1771892293212964,857.7913584,0.2915584415584416,0.30170853950555554,73.39050361986206,0.8034074040624999,-1.303727110289333,3.7000058,3.7000058,0.1274599525,-3.2271392,-3.49598,0.28649523249000003,-0.024365900851021114,2.105319915094154,28.649523249,0.25277777777777777,-2.146246291916667,88.54224482325071,-1.9460344366666662,-0.7076528949375671,0.0,-0.91549623,-1.9487974499999998,-3.6545005,-3.8902602,-2.1224887568,-0.6647456146735073,0.8045559627548641,-212.24887568,0.2772306397306397
34,9.189696105762456,178.3297822267018,9.893420605882353,-0.166668657094859,12.70468,12.70468,9.6996045,6.136489,5.4465737,9.21191417,-0.8540608189363503,1.658720298510973,921.191417,0.28576926492791377,-0.7581053102888776,131.63373953633518,-0.16278645749999995,-1.0816556147372771,3.4793646,3.4793646,-1.32145205,-2.7656488,-3.0530512,-0.6690472121800001,0.5636769011205812,2.060772900473296,-66.904721218,0.23616004026170107,-1.9905474269501762,125.85907662957432,-1.8197358256666665,0.3125053849493713,0.0,-0.5123845,-1.85928355,-3.6086957,-3.8399649,-2.0288345227,-0.7575581855631054,0.6944824257305916,-202.88345227,0.2610132528099312
35,8.826869346968166,104.35030721483243,9.493621105263157,2.0900837889795536,11.276501,11.276501,9.01433,8.331225,3.5149906,8.729386733,-1.483366458401032,1.6168148210475453,872.9386733,0.3192734235791601,-1.3896917799065183,85.27635221976263,-1.3735793190476193,0.3858017887465577,5.23686,5.23686,-2.5230033499999998,-2.916984,-3.2593222,-1.4098970982,1.386228367028019,2.169113439413798,-140.98970982,0.27806251353497435,-1.8134420483577562,60.79581305608677,-1.5940409565384617,4.495132841409625,0.0,-0.83810717,-1.4920972,-2.956502,-5.0033455,-1.7785489927,-1.9797918131742382,0.7374793341996606,-177.85489927,0.2733898239203949
36,9.028043017633705,163.7906629421752,9.52590954166667,1.0055934298368383,11.547287,11.547287,9.022936999999999,8.414153,6.7662296,9.001127091,-0.0865998995515815,0.8734623539408205,900.1127091,0.23263538513286242,-2.5845556688446014,84.40916755147575,-2.3980432520000003,1.6673978878606022,0.0,-1.3928535,-2.5999434,-2.7497818,-3.519631,-2.583101922,0.5558306464124488,0.3398307501318045,-258.3101922,0.24714429868819374,-1.4817367674571142,47.335336916812565,-1.3825056967741938,0.3144860024268161,0.0,-1.063688,-1.4775025,-1.9667602,-2.0368145,-1.47795607,-0.45595189013078136,0.1984947384715204,-147.795607,0.25085446437290454
37,9.198518794674406,151.18642913102647,9.998133861111109,-0.9344950639309855,11.260933,11.260933,9.2302555,8.064779,7.124584,9.229879956,-0.18028339643339594,0.9787762145983918,922.9879956,0.2821807168096921,-2.743497511004543,64.20324861994555,-2.546393847826087,0.579612203577283,0.0,-1.7630337,-2.6857151,-3.2028894,-3.985612,-2.734104894,-0.5147094598466773,0.41542871634296274,-273.4104894,0.2797006342865922,-1.4358779536925794,48.536913086936615,-1.2291582442857145,-0.6410002167157334,0.0,-0.80367875,-1.3968951500000002,-1.7603394,-2.217788,-1.4291515719,-0.21392663015374191,0.323917394900277,-142.91515719,0.2992956900074517
38,9.477313848586844,368.39262773832326,11.405884928571428,1.6429570147214996,16.924406,16.924406,9.38682975,8.779992,5.115163,9.527120401020408,0.7263458314281735,1.9516761622373702,933.6577993,0.24471443253560418,-2.6131048261243577,123.24119687549695,-2.255029044368421,1.630731898804977,0.008532257,0.9418414,-2.6066045000000004,-3.3919463,-6.3671594,-2.5956024302959184,0.4373115337591241,1.1214614252287936,-254.369038169,0.23116243847027643,-1.5737523340570398,158.70934131495852,-1.1392536409090908,-0.16598887795379724,0.0,-0.5749544,-1.55736145,-1.7030085,-2.7800188,-1.5598985268367347,-0.4103837188781273,0.48940995061269804,-152.87005563,0.24126413155190132
39,8.63395831019221,127.09280253495308,9.163444583333332,-1.1135033718821572,11.634706,11.634706,9.273291,5.121899,4.980443,8.630557075490197,-0.5195574644774668,1.9251112511117323,880.3168217,0.24215983813859385,0.23488533873798692,67.27905083572097,0.6675368525,-1.4284383344836737,3.7688627,3.7688627,0.23733146,-2.9433293,-3.1716046,0.2564960273529412,-0.03348961062814467,2.176292918211537,26.16259479,0.25476310908784355,-2.252310258649469,89.59017137161129,-2.0439620499999998,-0.8061987428895989,0.0,-1.1379336,-2.1159997,-3.6889288,-4.0074663,-2.2462817686274508,-0.5762073435898803,0.7963011314964915,-229.1207404,0.26494267408531447
40,9.129851171792927,108.67201799737653,9.954000511764706,0.5101172449952283,13.424684,13.424684,9.373433,6.1059527,5.6155725,9.092082396,-0.5693385703080897,1.5884747057948978,909.2082396,0.2670825906120024,-0.5620773296590909,81.19787861101906,0.08863441874999994,-1.1339163743612926,3.6838393,3.6838393,-1.4182258,-3.1683114,-3.754193,-0.5445840347299999,0.5111200846965923,2.23992141508964,-54.458403473,0.23071338383838383,-1.9625736867196968,54.047290023237835,-1.7506515052,-0.34432880396982624,0.0,-0.69216067,-1.64171105,-3.69791,-4.045188,-1.9331953964,-0.729313621380198,0.8227502380821873,-193.31953964,0.26664646464646463
41,8.511633872704337,124.01516488690963,8.993567680000002,-0.9525381608518444,11.126213,11.126213,8.834404,5.5905743,4.0513253,8.480548608,-0.46825514098111154,1.8063915462681988,848.0548608,0.31143625967036664,0.5909601991094854,88.88823831029646,0.40186432333333333,-1.181437819624712,4.3489065,4.3489065,0.57809785,-3.037783,-3.1048434,0.5849610699,-0.07138014474742098,2.1330592401789863,58.49610699,0.2905146316851665,-2.3001232830070637,63.66921407321566,-1.9817726137499998,-0.41758100644791085,0.0,-0.7731422,-2.1329145,-3.945645,-4.3031015,-2.2782488393,-0.6184252195271586,0.8811634823522662,-227.82488393,0.25109317188025565
42,9.340786827513895,107.56989823754715,9.963206392857142,0.018179738858274508,12.342733,12.342733,9.8453265,5.812563,4.6816645,9.337989543,-0.9614531184887986,1.7343426913066782,933.7989543,0.28979282465891865,-0.6558666057200606,62.715212230789355,0.47363177444444443,-0.8354219031938888,3.4167948,3.4167948,-1.3740676,-1.9101777,-3.196902,-0.66102388964,0.6945651388716786,1.944521305476471,-66.102388964,0.2998708663185672,-1.8795499302425467,75.51215785647769,-1.6781014535714285,1.0868848391223986,0.0,-1.0701246,-1.6420104,-3.3374598,-3.9338195,-1.887257424,-1.231992454297378,0.6649169500077964,-188.7257424,0.26441925936620225
43,8.65326796288452,246.9019930795772,9.737510719999998,-1.1065648680576048,12.257859,12.257859,9.165141,6.0680814,4.947811,8.638010703,-0.28270944490466654,1.992641203412699,863.8010703,0.2700621953269457,0.43042229072183563,181.55910366781626,1.0369935922266666,-1.3504309189660995,4.083359,4.083359,0.29952713,-2.9174333,-3.1177168,0.492459428567,-0.039603210705916124,2.128955257793797,49.2459428567,0.3040174819297361,-2.1150277985047903,108.78941237530832,-1.8640563861538462,-0.6849510890336856,0.0,-0.7776329,-2.00373325,-3.36141,-4.107159,-2.1440858564,-0.36982421063036647,0.795271982831966,-214.40858564,0.2532099771131541
44,9.31117301569914,120.84291233956185,10.20307103846154,0.148812613908492,11.4687,11.4687,9.7524445,6.6562085,5.3754716,9.292159352,-1.0723810981047475,1.5565229861097052,929.2159352,0.2354288820719916,-0.4828444407016659,84.76146971410788,-0.49593867999999997,-1.1225476244883257,3.4347575,3.4347575,-1.1036549500000001,-3.0602362,-3.1972015,-0.50011600579,0.46556245605420915,2.016628094940031,-50.011600578999996,0.2700319703853273,-1.9768205715295302,54.18081708532261,-1.8620136409523806,-0.11262914927866063,0.0,-0.7773335,-1.8152751,-3.5819013,-3.887865,-1.9903944598,-0.6998295994886492,0.7334518729943486,-199.03944598,0.23549914665512847
45,8.849462149580052,200.09299200006117,10.172200692307694,1.1785589526791966,14.080319,14.080319,8.997789,8.418045,4.1400905,8.98176473030303,-0.24925767999400858,1.7430499768564955,889.1947083,0.2937613567534827,-0.9071987452591601,99.05056125037177,-0.6903456825,-0.9871859258042419,3.492088,3.492088,-1.701362,-3.1799872,-4.5774813,-0.9757088797707071,0.540464682715271,2.267759037043508,-96.5951790973,0.24744094488188978,-1.6537587102309714,56.84759688534289,-1.395194143181818,-0.03821207585606112,0.0,-0.5625302,-1.3720468,-3.090174,-3.7749999,-1.630265907979798,-1.0048062514331781,0.7826181365928456,-161.39632489,0.22951562872822714
46,9.055051030134507,139.3870519996248,9.291797195652174,-0.5398651301161643,10.120455,10.120455,9.0639515,8.455616,8.404423,9.06861253960396,0.4149610282312824,0.44050505495634606,915.9298665,0.26588542252412334,-2.7500404102172786,73.07753228183124,-2.4981471473684214,-0.5727455892835254,0.0,-1.8188677,-2.6782305,-3.214116,-3.6649787,-2.7152170445544552,-0.062021937540611964,0.4186360260767978,-274.2369215,0.2630217551120429,-1.1718282794180033,58.718685009302696,-1.0188874595833333,-0.5779967525470417,0.0,-0.5391788,-1.1648777,-1.6995658,-1.8085392,-1.1614066286138613,-0.03622095182761134,0.28202623474285005,-117.30206949,0.2654768063459217
47,8.840242750479556,132.79315773453763,9.662741605882353,-0.4331120196957712,11.302247,11.302247,9.087228,6.3373713,5.5670733,8.826691794,-0.6190325834990202,1.4213591599251,882.6691794,0.2505270659500549,-0.8628529027599697,87.81286567671678,-0.42712179299999997,-1.0299850328428446,4.160299,4.160299,-2.07962545,-3.1707065,-3.8558319,-0.86189568349,0.6484928597221927,2.3744875753619623,-86.189568349,0.2677183240787481,-1.8454412886426048,79.36552752743154,-1.5662554582500003,-0.5472327077306449,0.21869522,0.21869522,-1.52457965,-3.3018339,-3.581602,-1.84834585258,-0.43828137196625977,0.8368082280999576,-184.834585258,0.2750715127040215
48,9.229333754946996,194.0489081641055,10.123667773333333,-0.5151674089140355,13.1896715,13.1896715,10.072255,6.0382934,3.3250356,9.187832268,-0.8268478660332984,2.198777803730636,918.7832268,0.30731953558808683,-0.5591792540227156,103.68530937929452,-0.05687342444444438,-1.0833274636274761,3.8724473,3.8724473,-1.210383,-2.7452912,-4.5161085,-0.54731285479,0.42894981480187955,2.1071457854878703,-54.731285479,0.2502664198777273,-1.879314598283695,77.24015840053112,-1.620593403846154,0.25005353209244774,0.0,-0.651595,-1.80951215,-3.3371603,-3.6889288,-1.896127969,-0.7171747859095418,0.6440487582698659,-189.6127969,0.2662990719527822
49,9.434078696978164,207.4100895848194,10.567799142857142,0.5934516997506374,15.718214,15.718214,9.0383545,7.386689,3.436853,9.220046767,0.19892059878892987,2.3014890533659864,922.0046767,0.2893419429732279,-1.6999781367717117,178.7774350951376,-0.40168969374999997,1.2078103993638676,4.299958,4.299958,-2.1803659499999997,-2.4541466,-5.225783,-1.58898919243,1.3687928545164707,1.9763980688596323,-158.898919243,0.23714448958862366,-1.6473199970253933,84.37261231321725,-1.3231734381666664,0.7178359416723032,0.0,-0.120050356,-1.4333443,-3.4682877,-4.099525,-1.70743636126,-1.068033225820711,0.8297712868442368,-170.743636126,0.25766040291179954
50,8.743781033711548,182.9412789017195,9.2675374875,0.2895515853976267,11.755654,11.755654,9.554631,2.7758276,2.2195845,8.64014222,-1.0980561840595922,2.3845124513377853,864.014222,0.2703920827029753,0.27668718919566315,104.34375834424957,0.7245814305882352,-1.6159265382458459,4.2757087,4.2757087,-0.0005239100000000024,-2.7984307,-3.0451176,0.2023911304,-0.015194616616795715,2.3997369253901555,20.23911304,0.26469105039897955,-2.1321171504034298,131.3883977975685,-1.9931118347826087,-0.6385404089345492,0.0,-0.9333092,-2.06929695,-3.3061748,-3.5182836,-2.203935894,-0.4420011886213844,0.6449765736832863,-220.3935894,0.30002850314630886
51,9.150307223560604,88.52757038594947,9.44417647368421,0.20360546843496818,11.006312,11.006312,9.8257175,5.2822156,5.1624646,9.159825492,-1.265121899201186,1.6344730770590503,915.9825492,0.27219564061669327,-0.18063338323358596,88.27025436218199,-0.5823639266428572,-1.034917134756139,4.3295965,4.3295965,-0.688568125,-3.1599288,-3.2274384,-0.16130307437,0.421285509396806,2.177621260851755,-16.130307437,0.23023088023088023,-1.8629255196818182,64.16220398932697,-1.7000283936363636,0.8237024540903373,0.09101074,0.09101074,-1.7946181,-3.2181578,-3.708538,-1.8768285959,-0.2599518400004861,0.6953043927543656,-187.68285959,0.2779843893480257
52,8.630229746222563,181.75818370373244,9.322211736842107,1.4138599652377453,13.130844,13.130844,9.012609,6.2887225,4.359235,8.710604374747474,-0.7131870118125254,1.6202396520038655,862.3498331,0.30635931329088417,-1.3985588825880548,155.2901508789349,-0.6643601266666666,0.5919434893075604,5.898634,5.898634,-2.4195685,-3.0900242,-3.4630485,-1.3877762335353536,1.3835762978022081,2.2856966096281135,-137.38984712,0.28197493052010664,-1.7323203591194485,100.12904454085536,-1.5018096511538455,2.8707403838883474,0.0,-0.42302033,-1.4780264,-3.61139,-4.2704697,-1.7347304881818182,-1.759919989288797,0.6919066552893246,-171.73831833,0.26718891113990656
53,9.130284418462898,171.74540348793704,9.413305500000002,1.4030684817248709,10.944042,10.944042,9.1371495,8.390053,7.3976164,9.092848981632653,-0.056884582928767156,0.5342530894401385,891.0992002,0.21457469145286015,-2.6368315485865725,100.78699236106462,-2.456204755000001,-0.4672086805666411,0.0,-1.9263442,-2.65383135,-3.4259257,-3.5953734,-2.6791959214285717,-0.3580163983164015,0.3790037336944267,-262.5612003,0.22712014134275618,-1.3754862705712603,74.51660025065235,-1.2339696571428567,-0.3058136774667388,0.0,-0.7969428,-1.3611195999999999,-1.6051122,-1.8428178,-1.3773454931632654,0.15785527118175932,0.21803869036910123,-134.97985833,0.23520668573672107
54,8.968129884501009,138.8280561896228,9.782671107142855,-0.5396341633886275,11.205997,11.205997,8.910070999999999,8.401878,6.6078587,8.942925106,0.06424996452491159,1.022437142294231,894.2925106,0.3205285138248848,-2.7028692351562498,64.55524482905376,-2.431068117647059,-0.645486000466164,0.0,-1.7594413,-2.73069645,-3.5564544,-3.5875895,-2.692189052,0.12232974248444808,0.4247039062551624,-269.2189052,0.2887511859582543,-1.4951919702116936,50.9901943912586,-1.3525396409090908,-0.8586375029400908,0.0,-1.0336006,-1.486409,-1.8184186,-2.056274,-1.495528033,-0.2538107322024829,0.24504352519715206,-149.5528033,0.26583119501466274
55,9.341756285775862,235.28861470079636,10.424217725,7.863658083361889,18.091978,18.091978,9.3470875,8.525072,5.0189133,9.389410541,1.4423655532755169,1.6029633640821004,938.9410541,0.2614604462474645,-3.1526912813894525,168.08359407401906,-2.668244228571429,2.474299458146369,0.0,-1.2082874,-3.1059662,-3.9887552,-6.1798987,-3.149422254,-0.9749157784199823,0.7682526102381062,-314.9422254,0.25185936443542933,-1.3993686834533468,109.47000228754848,-1.1757869444,2.912697193085892,0.0,-0.07080276,-1.4322965,-2.061064,-2.8837533,-1.4184263668,-0.08831540598051282,0.4206713239814058,-141.84263668,0.24643002028397565
56,8.766018377904041,198.29933597213042,9.506620960000001,-0.7965629070180684,12.285552,12.285552,9.4867475,4.988227,3.7745507,8.701073041,-0.5967385375411404,2.1454676368388874,870.1073041,0.2974074074074074,0.35104415316540405,114.99478083747786,0.7910250419999999,-1.233292655937271,4.069587,4.069587,0.47271699,-2.5427623,-3.7471578,0.4491365076,-0.17366833779687452,2.233195412388147,44.913650759999996,0.2612794612794613,-2.166487824080808,136.51506752190343,-1.9540964244000003,-0.028881533233156897,0.0,-0.50040936,-2.0545525500000004,-3.685935,-3.9892044,-2.1310165231,-0.4785394224892967,0.763082161939572,-213.10165231,0.2838181818181818
57,9.206745073939393,91.635227579289,10.038146976190479,0.10063486495587037,11.154953,11.154953,9.8057335,7.006779,4.826563,9.193261534,-1.1401634334755348,1.5272056968981353,919.3261534,0.2396825396825397,-0.14653807803535357,85.15336949760645,0.7754175166666667,-0.8969158479265502,4.405489,4.405489,-0.33837135,-2.7822642,-3.264711,-0.1543066252,0.4210928431121363,2.0932708760340306,-15.43066252,0.2831986531986532,-1.7433551665479798,55.54555338444931,-1.6181829779999999,-0.19137743335409318,0.0,-0.26839188,-1.65623085,-3.0976584,-3.6612365,-1.7351557274,-0.2742090065674438,0.7375342798474074,-173.51557274,0.25935353535353534
58,8.93292360020202,174.58819039823865,10.193040966666667,-0.5627557014611453,11.8057995,11.8057995,9.472901,7.216643,5.054838,8.998426626,-0.5813627048185157,1.700120165076764,899.8426626,0.2828703703703704,-0.7522054541893939,95.10150847664008,-1.0019364666666668,-0.6580414866051068,3.900439,3.900439,-2.0135379,-2.2900877,-3.472928,-0.7874180724000001,0.8634041868617874,2.123790679000041,-78.74180724,0.2932659932659933,-1.7746317663282827,63.98349689567462,-1.5440679430769229,0.3187068577277006,0.0,-0.74395293,-1.5855778,-3.1129267,-4.052972,-1.7885107797,-0.9215291551585905,0.7437929539667849,-178.85107797,0.2745143745143745
59,9.074499361240106,111.73814411616355,9.581961136842104,-0.5740551498588737,12.050092,12.050092,9.3536,5.9567127,5.116061,9.03840613030303,-0.6334131124361968,1.723176805272494,894.8022069,0.23710595750590197,-0.7764696990290237,66.13297565798632,-0.79867735,-0.7804514113673355,4.1802073,4.1802073,-2.0492387,-3.0282028,-3.4299674,-0.8656226399090909,0.8312327567256923,2.226942689473473,-85.696641351,0.2252366909824616,-1.8332809632532983,58.22668314573074,-1.5596748336363633,0.035420288620904294,0.0,-0.6601273,-1.6853453,-3.1009514,-3.7097356,-1.826746708181818,-0.8048358615662697,0.6849041140724204,-180.84792411,0.2707363876229312
60,8.974129793763383,161.35837006122486,9.567553993333332,-0.49268443270173634,12.196338,12.196338,9.626183,5.0111294,3.849395,8.995623836082475,-0.6014550069625297,1.9129882766064914,872.5755121,0.27726623840114206,0.2060815007098501,137.19936215914345,0.6004313842000001,-0.9596585906232824,4.503535,4.503535,-0.20507355,-2.4536974,-2.9674292,0.219894269714433,0.3621135465084728,1.990385711931911,21.329744162300003,0.27890792291220556,-2.1724682767719488,134.94143997595424,-1.8176059714285713,-0.5968826353125198,0.0,-0.7427554,-1.8901194,-3.4540672,-4.251609,-2.1303251270103094,-0.5808273036300204,0.8369310633541907,-206.64153732,0.25769858264504947
61,9.010814409707372,247.821690863475,9.21770821764706,-0.9844244011872134,12.481046,12.481046,9.310863000000001,6.1993585,5.1760864,8.773973542156863,-0.41185841770619347,1.7516754567695743,894.9453013,0.26220662716409016,-0.06618709485256044,149.81092844829462,0.42618624800000005,-1.4799146506451144,3.966302,3.966302,-0.130079498,-2.4872277,-3.0178742,0.2255882409656863,0.12902888836532925,2.123563886077235,23.0100005785,0.22718064153066966,-2.1580101541755767,107.41588876756842,-2.1366867455999996,-0.5253701421993338,0.0,-0.74574924,-2.1670436,-3.7973034,-4.0764728,-2.2591344598039216,-0.45988915049713214,0.8085886983256666,-230.4317149,0.22151941474395048
62,9.309181885303028,94.02160048746384,9.869309833333332,0.03304639806071208,11.759696,11.759696,9.8593975,6.700067,5.2380576,9.34880004,-1.091053552026476,1.620571941477295,934.880004,0.255611672278339,-0.5539469529621214,91.75860260373666,0.0033131073333333167,-0.9489096433468571,3.6871326,3.6871326,-1.2948074,-2.6842182,-3.3126113,-0.5430661767,0.6319178378914386,2.0193342490740647,-54.30661767,0.277037037037037,-1.8800019824141412,51.9826359778,-1.717585395238095,0.8331311509327661,0.0,-0.75937086,-1.7122144000000001,-3.6733613,-4.075425,-1.8674655745,-1.0721949228453946,0.7508210053667439,-186.74655745,0.2838864838864839
63,8.820642248383837,140.4804953445325,9.243609342105264,0.05099068246378469,12.083472,12.083472,9.085431499999999,6.663094,5.4943247,8.870165869,-0.5156222341362097,1.3801933491589402,887.0165869,0.27740563530037216,-1.2958634577398986,93.78814561409182,-1.2127566166666666,-0.83566587290023,3.7568874,3.7568874,-2.5314608,-3.2698004,-3.756139,-1.3290382511,0.877710398414525,2.3298034738382953,-132.90382511,0.27614237614237613,-1.5686682420757578,65.95281706652058,-1.3469769431999996,1.2893475911358552,0.0,-0.728535,-1.3619428,-3.540737,-3.6814444,-1.5813326049,-1.4672821059249628,0.7466896930237547,-158.13326049,0.25971717171717174
64,9.00842589227273,134.8679470941273,9.599707613636363,5.864987972256484,13.138179,13.138179,8.994420999999999,7.56916,5.0563354,9.0423049,0.5851879034831693,1.021754173185614,904.23049,0.22887970615243342,-2.629896960868687,66.1698609149517,-2.3640963266666666,1.5071018831617433,0.0,-0.77688444,-2.6612409,-3.0352383,-3.9484892,-2.6464217314,0.38047489806541224,0.50902123929828,-264.64217314,0.23051346801346803,-1.3746547170429293,52.35439731954592,-1.1896478595652176,2.860230048777318,0.0,-0.395777,-1.40078705,-1.5399976,-2.6532326,-1.3870141893,0.09794711242763127,0.31993361154804434,-138.70141893,0.23480456741326305
65,9.112547658707722,149.61164447804092,9.923675411764705,6.0169479240810215,13.512401,13.512401,9.042172,8.700657,6.9099307,9.092895275,1.4478732938148429,0.8765714780364325,909.2895275,0.2709267452564065,-2.66486031369258,77.10139586151907,-2.435333443181818,7.7445264363354305,0.0,-0.80622345,-2.6937234500000002,-2.8677366,-4.798571,-2.6736770595,0.2252937258199884,0.4623287944302794,-267.36770595,0.24872653847918866,-1.4358604904568402,63.558989973832354,-1.2854518916666664,2.1640676192680486,0.0,-0.82777864,-1.3958473,-1.7060024,-2.3317013,-1.4278941769,-0.880621732678615,0.24425524643929894,-142.78941769,0.24785461887935387
66,9.028952286574786,190.7969123569504,10.977210375,-0.694828056796541,12.990287,12.990287,9.020691,7.872579,6.0053616,9.16781874040404,0.2670735393530484,1.6765412840333884,907.6140553,0.2714395099540582,-2.196365847215416,99.05022866063159,-1.8621557468749999,3.775114660265909,0.9397458,2.970872,-2.5526419,-3.080145,-3.8387673,-2.221256644949495,1.9980337914272654,1.286907514806041,-219.90440785,0.31017100561510974,-1.5989437408882086,68.47678245729931,-1.3501990513636366,1.7262367641698892,0.12768447,0.12768447,-1.5777191,-2.5738976,-3.5353482,-1.64707338010101,-0.7546203911448968,0.5514613156435223,-163.06026463,0.2736089841755998
67,8.845148428522785,184.88118131948696,9.392577786666667,-1.0098186002879845,12.44048,12.44048,8.988209,5.953719,4.552034,8.633162314141414,-0.24252576225411807,2.0039358986288245,854.6830691,0.2697049065828532,0.35155542546621255,111.06332649114741,1.5598973694117648,-1.089460306927231,3.8086798,3.8086798,0.81101346,-2.7184968,-4.3457627,0.4584315456363636,-0.37370693806820293,2.3346344195021747,45.384723018,0.25560040674205775,-2.2256331847826085,92.76652888212027,-2.1353877173913043,-0.6476099719309967,0.0,-0.6686595,-2.2504203,-3.1748977,-3.8972955,-2.275133988888889,-0.1288164813312306,0.7490108076600103,-225.2382649,0.23816247978682215
68,9.122247702755484,193.68760143365603,9.644869763157896,0.4582041867753972,10.977722,10.977722,9.7439875,6.465056,5.154082,9.165229601020409,-1.2813542627070267,1.5158265809582965,898.1925009,0.24206583875418886,-0.3640022080123062,134.26597659652376,0.08411573125000005,-0.8803594660123562,4.154461,4.154461,-1.6408878,-2.398612,-2.6608667,-0.47913373897959183,0.8119310515870136,2.106515576915735,-46.95510642,0.2668873729266988,-2.0152131157356874,117.99110942053285,-1.7210052372727274,0.38002139829265413,0.0,-0.35595977,-1.9104022999999999,-2.9038115,-3.7558396,-1.9201213715306122,-0.23293553341151826,0.7129189628910693,-188.17189441,0.24303224865022618
69,8.719004408165326,461.0601120506704,9.910424694444444,1.4522288285035705,14.391223,14.391223,9.087677,8.669222,4.4415636,8.829373397115384,-0.5454672432111077,1.7155285624658034,918.2548333,0.3202564964157706,-1.226446984627016,208.642379478222,-1.036687069047619,-0.8842537951606806,4.258045,4.258045,-2.4646248,-3.461402,-3.6106417,-1.2406201185576924,0.8023888081824647,2.3109117047007586,-129.02449233,0.2698492703533026,-1.597128212671371,194.6724153198804,-1.3245313471428575,2.9674267115220694,0.0,-0.7268884,-1.31890735,-2.721341,-5.4420834,-1.7045846257692308,-1.5999441968258146,0.8892151942025882,-177.27680108,0.2653849846390169
70,8.987802795984846,80.96816710235396,9.362607681818183,2.8433696947470297,10.664273,10.664273,9.022038250000001,8.717273,7.113058,9.00956505,-0.3979176470726987,0.4714495457221521,900.956505,0.23390725436179982,-2.910403921489899,77.25876500235688,-2.7613514749999997,1.1934688980237418,0.0,-2.1112096,-2.984344,-3.3883538,-4.0285726,-2.950952962,0.13128750542028492,0.3046569050904743,-295.0952962,0.25818602693602694,-1.1955619633611112,66.27494087180885,-1.0494676132,0.31850437074048177,0.0,-0.8081694,-1.1710897,-1.2217593,-1.7140856,-1.1929337833,-0.6865940508538312,0.1850439875283452,-119.29337833,0.23806060606060606
71,8.971834721680967,152.1901612018548,9.324253937500002,0.25582908263977,10.696307,10.696307,8.92751,8.242011,7.794142,9.000703484,0.34977649113036624,0.5523847296338229,900.0703484000001,0.2224676089517079,-2.833732541746593,67.87009335922691,-2.656571780769231,-0.47141373347691795,0.0,-2.2100043,-2.84663045,-3.0575418,-3.505111,-2.843141164,-0.07784266098976861,0.28692806470855664,-284.3141164,0.2548246806197336,-1.310083965906108,42.45635154805453,-1.1997604407142857,0.22408684954858105,0.0,-0.8753796,-1.32631695,-1.4882053,-1.7304016,-1.3068244514,0.3399019364835147,0.15375936993214356,-130.68244514,0.2621511502127353
72,9.393714745881756,207.8174277317568,10.953464016666665,0.8905956469691065,16.554375,16.554375,9.3864555,5.0078363,4.46267,9.492013334,0.3147359389287084,2.2441937777645653,949.2013334,0.26567851327831116,-2.9089785044284997,119.92470666728131,-2.0807397372222223,0.1486073408392774,0.0,0.38110748,-2.924693,-3.8100271,-6.0266175,-2.85140396752,0.10340852262286106,1.3582253756666813,-285.140396752,0.27033855482566954,-1.3745696969024759,88.85505411505441,-1.018725299166667,-0.049421442318382525,0.0,-0.21270767,-1.3131442500000001,-1.8492545,-2.5988955,-1.350448225,-0.4216379183491376,0.490762838193368,-135.0448225,0.23690416035034528
73,8.340284553430878,330.0583890500164,9.327947954545456,-0.7525345881875416,12.729978,12.729978,8.6902535,6.721922,3.9425015,8.493703268,-0.06004525416453717,1.9660500649803827,849.3703268,0.28258875332538297,0.6913887428183653,207.11747055549898,1.7415748085714287,-0.988325238606095,4.142186,4.142186,1.2332854,-3.1994467,-4.069737,0.61302620366,-0.45121475350696366,2.3093502475919228,61.302620366,0.236197203402047,-2.11527710049445,141.10266832785217,-1.7390495618181818,-1.0167016704115224,0.0,-0.57405627,-1.8793419,-3.076253,-3.5778599,-2.0120888496,-0.26260331871115816,0.7864482901700858,-201.20888496,0.2733464819741308
74,9.009339914202437,105.72951891365828,9.42506054,0.8947117580243722,11.379636,11.379636,9.4047175,6.6609983,4.4137216,9.045748905102041,-1.0855673928845726,1.4825897355231639,886.4833927,0.26356650768415474,-0.5577573161770005,78.29527320483842,0.4718616364285716,-1.2487921789600442,3.9907012,3.9907012,-1.3016183,-3.7158728,-4.230353,-0.5969311277040816,0.35027351300103665,2.535690827152079,-58.499250515,0.290370202134908,-1.7576031186804453,81.21423261571218,-1.5413379581818183,0.01724640121564258,0.0,-0.5626799,-1.4123131,-3.5612442,-3.8112245,-1.719900492755102,-0.9868329322968636,0.8271453538972344,-168.55024828999998,0.2652358240593535
75,8.654279247613001,156.68452775443365,9.781817038888887,0.34634723521283384,11.744428,11.850257,8.780590499999999,7.4917707,4.4803333,8.69590212254902,-0.4286106142789414,1.5495955888729753,886.9820165,0.25461317081428814,-1.2806843093930929,129.00817954868373,-0.8223056328750001,-1.1586116399905166,3.6048038,3.6048038,-2.3965912,-3.7041972,-5.4699254,-1.3365911301078433,0.4990568250737145,2.5495941351988374,-136.332295271,0.25247587607922806,-1.9192886249873036,85.52637071999409,-1.5132878913043475,-0.2839592331744991,0.0,-0.8881032,-1.5748002,-3.512446,-3.8757403,-1.8886812843137255,-0.9605735195836996,0.818953290087914,-192.645491,0.25954468169673417
76,9.238174800252525,125.85685311999757,9.746346704761905,2.865789589537215,11.902648,11.902648,9.36288,7.9276643,4.787195,9.25377619,-1.2734926509068332,1.2886112014708957,925.377619,0.25993265993265996,-1.5566940210757576,55.018207379016175,-1.7353334784210528,1.2879615844958856,2.8644433,3.3501832,-2.25580895,-3.013234,-3.17864,-1.51156119451,1.5558695700286862,1.6357831736287358,-151.156119451,0.22687400318979267,-1.470287170320707,74.2015979652186,-1.2532500979166665,1.1377020131888793,0.0,-0.65803164,-1.1856095500000001,-3.244503,-3.514691,-1.4647610036,-1.4568180213283326,0.7002588960475832,-146.47610036,0.25679713804713805
77,9.009164148136021,92.29163911962036,9.41224552105263,-0.8503034561035396,11.173215,11.173215,9.7385235,6.5354095,5.368586,8.985310961,-0.7101711265320271,1.6544185319532354,898.5310961,0.25528304388174466,0.2650892559219143,83.89883065082383,0.502396918888889,-1.4632557796589705,3.64507,3.64507,0.468226315,-2.7201433,-2.8615992,0.26222918848,0.062241494056954366,2.1036168266002133,26.222918848,0.24091799608172404,-1.976033985516373,49.39036533267343,-1.6870871577272728,-0.5286697474692965,0.0,-0.10657837,-1.86504665,-3.696563,-3.9573207,-1.9723135595,-0.31799577273753477,0.9100015923376209,-197.23135595,0.253904282115869
78,9.25018064870886,207.2858528798957,9.987608724,0.3797696277333178,12.44512,12.44512,9.849667499999999,6.797215,4.3490562,9.29247221,-1.0988764204136436,1.7032799887671988,929.247221,0.24534683544303798,-0.6597441319777214,114.40162761191014,0.13458082785714276,-0.8812757732401582,3.6107912,3.6107912,-0.9392967299999999,-3.3242872,-3.7359312,-0.62766277398,0.3261476061360578,2.0302349069538064,-62.766277398,0.24860759493670886,-1.85670497078481,133.09142257344485,-1.482816472380952,0.1433500336616551,0.26734406,0.26734406,-1.6453785,-2.8331585,-4.5258384,-1.8698591011,-0.6590529712699239,0.9857475276163536,-186.98591011,0.24431585292344785
79,8.54427808209596,152.82715650635404,9.295343805882352,-0.8712346534836786,11.6579075,11.6579075,8.5797835,5.9290204,4.1339536,8.48787887,-0.2840352894603607,1.7987499954050525,848.787887,0.2703802733214498,0.6175278603257577,85.86604227589811,1.4798127086666668,-1.2758714313043062,3.8925054,3.8925054,1.06406225,-2.189946,-3.4399965,0.62830943241,-0.31570748031250445,2.187973588905968,62.830943241,0.2602020202020202,-2.2788252401616167,105.46146852555124,-1.9548175560869563,-1.1785506793209597,0.0,-0.64096713,-2.17295635,-3.3983831,-3.9420524,-2.2295805534,-0.19172100540501258,0.8814766819952768,-222.95805534,0.24332454984628898
80,9.126916356868687,121.92844212192975,9.561472635294118,-0.030523950389625742,11.604019,11.604019,9.68501,5.4066067,5.3121533,9.173527973,-0.972393625216955,1.6338885383923203,917.3527973,0.2634284016636958,-0.7849569270883839,106.03342214063564,-1.016881523076923,-0.8176963890115672,3.9137614,3.9137614,-1.7077238000000001,-3.224744,-3.7574863,-0.8537316617,0.7367811387788541,2.265643033870661,-85.37316617,0.29856254856254855,-1.8988559346489897,52.815291574862606,-1.5819104025000001,-0.14190725690369632,0.0,-0.6683601,-1.5889457500000002,-3.075205,-4.0791674,-1.8623402452,-0.9060839922963843,0.8826423455114554,-186.23402452,0.2536111111111111
81,9.071558912929186,91.56731421735375,9.365224937499999,0.028187171959493718,10.415042,10.415042,9.090746,8.524473,7.9806542,9.068263658585858,0.12882967918058175,0.46283555164939744,897.7581022,0.2364985693848355,-2.843358089699571,34.89912112236187,-2.684739056,-0.11032051435989398,0.0,-2.3143373,-2.8517199,-3.1034963,-3.5814524,-2.8523669535353533,-0.27610088706336466,0.25570620528242405,-282.3843284,0.2622532188841202,-1.1750163831384117,42.47748973186691,-1.0677193179310345,1.0678358365575091,0.0,-0.84229845,-1.1370355,-1.3602214,-1.7507592,-1.1782089901010102,-0.9579221360017031,0.17295103387583372,-116.64269002,0.25741823294361404
82,9.075305775734549,118.82201576230318,9.746659189999999,8.789947455432905,14.162798,14.162798,9.163794,7.7496843,4.5180545,9.079751707920792,0.31182177014639895,1.0284942258790013,917.0549225,0.27284701114488347,-2.589027754280648,77.93397305987685,-2.3127620142857146,6.268552899632915,0.0,-1.3133688,-2.590513,-2.6619146,-5.0072374,-2.61340943960396,-1.1009775422854275,0.4790067338530124,-263.9543534,0.2556568726781493,-1.268207974047619,62.51036851035927,-1.0949840922222223,1.0942925882257502,0.0,-0.44697052,-1.344055,-1.5485299,-2.1348605,-1.2848850112871286,0.397523825486853,0.29174188499997367,-129.77338614,0.2595782205711284
83,9.165887203025719,164.82739791170866,9.64611726470588,0.6421457442164602,11.043585,11.043585,9.1431365,7.364236,6.3222528,9.089777226,-0.48800356947494816,0.9454198754899678,908.9777226,0.267331138204147,-2.698089374936964,119.43961815369975,-2.3829968045454546,0.8848558411783602,0.0,-1.7625847,-2.67748215,-3.1542406,-4.4969487,-2.695922312,-0.5296597449731119,0.49944639920254624,-269.5922312,0.24978223994865448,-1.343143756348966,88.17461810060526,-1.1053374360000001,1.1446158069977992,0.0,-0.37736526,-1.304163,-1.6804056,-2.357747,-1.3290771702,-0.13989599746128675,0.31755519205211197,-132.90771702,0.26832072617246594
84,9.252203171262625,218.90882166010235,10.907407999999998,-0.41515745694376704,13.861924,13.861924,9.3293495,8.576415,6.045029,9.36926702,0.2791775392062676,1.6752691063188043,936.926702,0.31882154882154884,-2.458073696827273,104.87708304331724,-2.218968927611111,1.3471211254385809,0.0,0.88885164,-2.5286166,-3.195405,-4.7096562,-2.43773768203,0.953553979489589,1.0249499027762299,-243.773768203,0.2574074074074074,-1.3315256626212122,113.79175018658542,-1.1194116302631578,-0.12232994298333244,0.0,-0.123193815,-1.36014655,-1.9955003,-3.0192215,-1.40044276385,-0.344846021092293,0.588145700146224,-140.044276385,0.2945773524720893
85,8.631182968879353,130.14014914529886,9.025456444444442,-1.1158958562544337,12.028687,12.028687,9.4456575,4.730463,4.667893,8.689481112,-0.4927947854140365,2.123127457000016,868.9481112,0.27043019799203544,0.23635572658253418,78.30057042827532,1.0980166606666666,-1.3722798959490754,3.5458264,3.5458264,0.22438339000000002,-2.956502,-3.237318,0.2186233635,-0.06723467833995557,2.1011666622334317,21.86233635,0.26861854282348985,-2.15993495340737,68.86835793476142,-1.7487044727272731,-0.5235905074280738,0.0,-1.0081536,-2.0288808,-3.153193,-4.0718327,-2.155924741,-0.683562280043852,0.8331372753273173,-215.5924741,0.2667156165389381
86,9.235681669661787,255.09004520651982,10.461838125,0.8311096222862431,13.171859,13.171859,9.49879675,8.434211,3.3200958,9.147660321,-0.9058469544924121,1.9571881156491617,914.7660321,0.2742301867743564,-1.2472490716269564,94.94633075523174,-0.9154961955555554,-0.592123006196517,3.459007,3.459007,-2.17041155,-3.1048434,-4.0234833,-1.23896455633,0.8748321004072613,2.061401037956337,-123.896455633,0.2619047619047619,-1.7114326504568398,103.70570220028641,-1.468733238291667,-0.6243722579398119,0.010478211,0.010478211,-1.5023507999999999,-3.1009514,-3.5410364,-1.70495451959,-0.5519370637682857,0.8362890162662915,-170.495451959,0.243143193673229
87,9.028425406234224,56.93255552917371,9.300425431818182,-0.7288989415198941,9.897268,9.897268,9.068218,8.741522,8.0999565,9.034908765,-0.21787413935515987,0.41163097837070833,903.4908765,0.2642604745078243,-2.828890302776376,43.559151161608945,-2.687003660869565,-0.5247783021561139,0.0,-2.1372557,-2.8734246,-3.0415251,-3.5732195,-2.840662327,0.17346282963486667,0.286678259608764,-284.0662327,0.24528674582446283,-1.3051810356562341,39.261623396109684,-1.168942261923077,0.7766111953218702,0.0,-0.6538403,-1.27078245,-1.8059944,-2.1074674,-1.3001992297,-0.4847315128909152,0.2619089680517785,-130.01992297,0.24670912126742517
88,8.846215006119792,130.12205440406117,9.18795672631579,-0.39264977809106183,11.212134,11.212134,8.928109,6.392008,5.894293,8.802064987,-0.526556448197267,1.2297534477805794,880.2064987,0.2757127192982456,-0.43438188773281244,77.07542008366256,-0.5512859430588235,-1.3182363069387846,3.677253,3.677253,-0.893491985,-3.421884,-4.046236,-0.49050898388999997,0.34629536072479544,2.4549950131167364,-49.050898389,0.22876838235294117,-1.9873809335416668,101.14139800138783,-1.7586697615384614,-0.7855765918191349,0.0,-0.3956273,-1.70038905,-3.240611,-3.714825,-1.982722916,-0.5517046351047533,0.7771358558432006,-198.2722916,0.26083733974358975
89,8.824189650704593,109.09359910704842,9.635154823529412,0.7389194191156694,11.57962,11.57962,8.950787,8.510103,5.6059923,8.848720049,-0.7246542039990403,1.1321344040686387,884.8720049,0.22743460641041385,0.4052954416570982,62.621462626425945,0.24875767055555553,-1.5020167374372297,2.855462,2.855462,1.56716605,-2.5851243,-3.5158887,0.3527205061,-0.43671948374415864,2.1165758345989523,35.27205061,0.2482022732544653,-2.42391011263048,49.861092816333326,-2.254644049130435,-1.6028958451147204,0.0,-0.7135661,-2.9033624,-3.462899,-3.5880387,-2.3745615704,0.30573430719292183,0.9944813903157832,-237.45615704,0.25844149950077155
90,8.839435685075758,63.66532144173248,9.092283409090909,-0.007464080112725924,9.8358965,9.8358965,8.810603,8.158335,7.5577836,8.825156023,-0.30779693822709164,0.454956391264664,882.5156023,0.27495408631772267,2.1596059308080804,60.06818532347268,2.2707229999999994,-0.24118596760725852,2.8418403,2.8418403,2.1323906,1.8256036,1.6661851,2.147070635,0.44024774007447603,0.27523358085198385,214.7070635,0.25545454545454543,-3.20278537479798,38.83423942865154,-3.0425729363636353,0.4520271195613872,0.0,-2.5604255,-3.17384995,-3.3259337,-3.698958,-3.183292301,0.2137150454058379,0.1824737795019403,-318.3292301,0.28135904499540865
91,8.789080707323233,85.47679312543721,9.08537352777778,0.06537990910706615,10.030642,10.030642,8.810079,8.194409,7.5112305,8.782545575,-0.04679448903223911,0.48880200105957045,878.2545575,0.2622334455667789,2.114224457121212,49.614419658230645,2.27331658,-0.5371896624648249,2.7093658,2.7093658,2.1047731,1.7720151,1.474883,2.109967293,0.17345695972774028,0.2690823187324473,210.9967293,0.2421010101010101,-3.0471517388888887,50.63839553533571,-2.889507232,0.054238417069633726,0.0,-2.467918,-3.032918,-3.2708483,-3.7154238,-3.039062728,-0.1053099943929648,0.22820268670285818,-303.9062728,0.2587878787878788
92,8.832896302945658,80.24540312369798,9.10830912962963,1.0320154553783194,9.903256,9.903256,8.8052895,8.3675995,7.541318,8.82058149,-0.10886917047477776,0.43294986890770837,882.058149,0.23527641404736377,1.9111385793042153,85.25819601001152,2.115240589285714,0.999467997136279,2.6306295,2.6306295,1.9199076,1.6796571,0.9253757,1.887115222,-0.6005033612994188,0.31313177174085544,188.7115222,0.2552238264528767,-3.011892634662265,50.089202844192336,-2.868939992,0.1701138398111075,0.0,-2.4954607,-3.00724635,-3.319497,-3.51529,-3.007199986,0.011454487971897187,0.20584706643524106,-300.7199986,0.24268156424581006
93,9.36774976377654,161.67746739111647,9.909983666666667,1.0283996407466907,11.536959,11.536959,9.420435,8.47328,6.2189674,9.374281573,-0.47461177302275964,0.9289239418299448,937.4281573000001,0.25949331535782494,1.144718842639535,95.91384618932231,1.512290202,-0.07489510219652562,2.3433769,2.3433769,1.13142225,0.8231383,0.029937744,1.1458521967,0.04714988110917952,0.48879917659934224,114.58521967,0.24843276036400405,-2.954896398988878,65.32803797102227,-2.7797195423076917,1.7730247878228331,0.0,-1.6618441,-3.0027557,-3.1961536,-3.7103343,-2.945832107,1.0342000123522157,0.3745504461685748,-294.5832107,0.25348059422882474
94,9.41269214256825,175.2430141600948,10.309467176470589,0.011444232772931606,12.126134,12.126134,9.807680000000001,8.109686,4.9094906,9.437809493,-0.7814989222518266,1.7199967484060077,943.7809493,0.264467971212752,-0.1241787547325581,148.93286576922716,0.6351922821052631,-1.1449629793733709,2.7881021,2.7881021,0.076940001,-3.0868807,-4.1159906,-0.14035862448,-0.3549531384119329,1.9902465848527962,-14.035862448,0.22641158001170772,-2.0639317621107183,120.90307710834577,-1.9054416083999999,-1.0516964424629833,0.0,-0.53783154,-2.03209925,-4.045038,-4.181105,-2.1568542989,-0.2307102566008329,0.9395827877949541,-215.68542989,0.2587664307381193
95,9.307699084705881,211.87248089067614,9.70589972222222,2.318758151295113,11.378438,11.378438,9.304576,7.719597,5.3995714,9.140901908,-1.3196896154689264,1.0998420047783328,914.0901908,0.28244206773618535,-1.7720488233235296,107.3109706571157,-1.3903528647058823,0.6724445880296144,3.4151483,3.4151483,-2.3858137,-2.992427,-3.445535,-1.5440810769,1.4331985793563262,1.9837190110042446,-154.40810769,0.28005662157911293,-1.3133084777914437,100.71212778976124,-1.2550141732,1.4308503718156196,0.0,-0.3213817,-1.2248279499999999,-3.166515,-3.458109,-1.4582525476,-1.482655324546449,0.699456436169722,-145.82525476,0.25824598930481285
96,9.258632043690604,163.8706781260911,9.60844810526316,-0.4534491957775395,10.23796,10.23796,9.19942,8.986563,8.199948,9.21903796,0.021274722643022142,0.41239498676896547,921.903796,0.2607124993052854,-2.0771361232840553,79.10517610647162,-1.9819071761904758,0.5124182862361368,0.0,-1.2554393,-2.08501405,-2.4360342,-3.11607,-2.088883641,-0.17129207800648227,0.3159539979348474,-208.8883641,0.2610750741690552,-1.1479784857602957,69.94824872114116,-1.0786329796,-0.4323014481579457,0.0,-0.8273296,-1.170491,-1.3263917,-1.7040564,-1.1847488047,-0.26598273997990696,0.19159475506520718,-118.47488047,0.2631890179514256
97,8.340284294913967,81.9919855593792,8.942506763157894,0.23437205792943772,9.974359,9.974359,8.6767065,6.9350786,5.487289,8.323853015,-1.0629266556400314,1.0770314295905947,832.3853015,0.22536224163647986,-3.8238152524544535,54.16083814446159,-3.248045655555556,-0.7127065653080429,0.0,-1.4554235,-3.8965470499999997,-5.2096167,-6.4188023,-3.843724924,-0.12032612733672399,1.272666152768926,-384.3724924,0.22902609086819614,-1.808139513588057,60.239591949081124,-1.5040797575,-1.204870780344344,0.0,-0.17753083,-1.27355165,-3.4353561,-3.73159,-1.8077293031,-0.6563601334842606,1.0404209293328128,-180.77293031,0.24951923076923077
98,6.167051635862418,95.60597655495592,6.478887113333333,0.4532817823675841,7.3049593,7.3049593,6.19262245,5.9342594,4.6238847,6.141818052,-0.5838351207004281,0.5301120624834951,614.1818052,0.28069465520148373,-6.675790588265048,81.08305425196541,-6.3989683699999995,1.3346092849353024,0.0,-5.306615,-6.532341000000001,-7.5414677,-8.584498,-6.696244109,-1.1608895449692176,0.6052674330642827,-669.6244109,0.27261001517450684,-2.667795261229135,114.91249153190677,-2.386722485714286,0.14815136887040747,0.0,-1.6372952,-2.6584716999999998,-3.0502071,-3.9094203,-2.721688207,-0.2123605662067927,0.4365562491746965,-272.1688207,0.2740082375894212
99,6.230645777317072,290.83743120678974,6.8090210434782605,0.25431939662206293,8.042476,8.042476,6.222261,5.338948,3.6009119,6.177621320430108,-0.4837319460913289,0.9059013390573963,574.5187828,0.26921173559561684,-6.795934425934959,260.6449915037447,-6.288379470833333,0.036156959273812905,0.0,-4.982389,-6.7705708,-7.3577995,-8.517288,-6.791910007526882,0.04518656716416446,0.699597368711803,-631.6476307,0.2607723577235772,-2.299682209525745,170.61701317923118,-1.8180817895833334,0.2745626584419041,0.0,-0.6144722,-2.228416,-2.691104,-4.3709106,-2.273301672580645,-0.35717164150188235,0.7027464414811556,-211.41705555000001,0.27987804878048783
100,2.3620380152272733,428.95149254146867,3.82428485,-0.35119827330256204,6.485114,6.485114,2.5120761,1.8696121,-1.9902612,2.9946762036585364,0.368209891516739,1.8043888775308758,245.5634487,0.24857954545454547,-4.164252294559658,334.0437711293768,-4.250552503888888,-1.1688096403435708,2.6608667,2.6608667,-5.742284,-8.736582,-11.056159,-4.579918073536585,0.4580838770403803,3.874983389061777,-375.55328203,0.21772411616161616,5.526120319268466,344.8501355223423,5.921228457777778,-1.7168033424481015,10.894495,10.894495,7.56392075,-2.3087988,-3.6200721,4.492682400487805,-0.30266782452639035,5.427341440440496,368.39995684,0.2560763888888889
101,-0.0024376492824974144,177.9242717853463,0.16925188115384607,0.3413569146927866,1.7953665,2.475552,0.255294115,-0.82074326,-1.068029,0.08644091754807692,0.5483981960710131,0.753728500533584,8.989855425,0.25301157389181955,4.256186662922212,196.31557622837968,4.4025324,1.4841426366061787,5.3540664,5.3540664,4.345688,3.1539414,1.4882053,4.181816365384615,-1.2271197507681881,0.7539740435448485,434.908902,0.2512977043427402,9.005408946647902,315.24625629960406,9.414570068181817,1.1923774158131044,10.873688,10.873688,8.9330485,8.5364485,7.7377095,9.02641695576923,0.7335421258765795,0.5994563918902125,938.7473634,0.2616776774913929
102,-0.43687083017304856,18.997786105566625,-0.3578059405555556,-0.834255842507956,0.0,-0.102536775,-0.4552034,-0.6195616,-0.83556247,-0.41798650785714286,-0.0036413923523860555,0.18607741432336009,-14.629527775,0.2812960235640648,4.667343981222385,36.48609003566877,4.8608418375,-0.8102430210634517,4.992568,4.992568,4.6955853,4.5469446,4.253405,4.6807919828571425,-0.17368970397906786,0.19881379090721094,163.8277194,0.312960235640648,9.013077432621502,37.18273608336765,9.267546750000001,-0.2630016734776377,9.63202,9.63202,9.06006,9.0885,8.286618,8.972478771428571,-0.2908577643256343,0.31508898888328407,314.036757,0.2855301914580265
